sqft,bedrooms,bathrooms,lot_size,age_years,garage_spaces,neighborhood_quality,distance_to_downtown_mi,has_pool,overall_condition,sale_price
2123,3,2.5,12191,7,2,2,13.5,0,2,257500
1710,4,2.5,1563,1,2,5,1.4,0,3,353000
2221,3,2.5,9182,22,1,2,0.5,0,3,345100
2790,2,1.0,11233,40,1,4,0.5,0,3,375000
1648,2,2.0,16427,4,1,5,2.2,0,2,312100
1648,3,2.5,7073,33,1,1,1.0,0,5,257000
2826,4,2.5,10298,38,2,4,6.1,0,3,394800
2299,4,3.0,1785,49,1,2,15.6,0,2,254800
1495,4,4.0,1500,6,1,1,10.7,0,3,218100
2153,3,2.0,12379,47,1,3,1.9,0,3,318900
1499,3,1.5,8978,8,3,5,4.1,0,3,299400
1497,2,2.0,13714,16,2,1,5.7,0,4,244200
1957,3,3.0,3506,1,1,3,13.3,0,3,319600
556,3,2.5,11080,1,1,3,14.6,0,3,164400
679,2,2.0,16475,25,1,4,19.2,0,4,200400
1435,3,3.0,10679,12,2,1,5.7,0,1,226600
1142,4,2.5,10106,6,0,4,9.5,0,3,254700
2004,4,3.0,9034,4,2,4,0.9,0,4,347800
1210,6,5.0,2716,22,2,4,6.7,0,1,255000
882,5,4.5,14422,0,2,5,2.3,0,3,294400
2753,4,3.5,6557,33,1,4,4.5,0,5,399200
1653,3,2.0,11018,2,2,1,8.0,1,3,282600
1844,4,4.0,2748,4,2,3,2.4,0,3,335300
874,4,2.5,4282,10,1,3,0.5,0,5,210600
1446,2,1.5,14740,13,2,3,0.5,1,2,274800
1872,3,2.5,7611,9,1,3,0.5,1,2,316900
1052,4,4.0,14813,8,1,3,0.5,0,4,250400
2044,3,2.5,8687,66,1,3,0.9,0,4,328400
1410,4,3.0,1632,21,2,5,2.2,0,3,293900
1610,4,3.0,12568,0,2,1,2.0,0,3,238800
1409,2,1.5,6640,11,3,5,34.6,0,4,268700
3004,3,2.5,11795,42,1,3,2.9,0,4,396100
1791,3,1.0,9101,7,3,3,1.1,0,3,316300
1112,1,1.0,2828,2,1,4,6.3,0,1,187200
2335,1,1.0,9657,28,2,3,15.6,0,3,311200
1006,4,2.5,17785,19,1,3,9.1,1,4,275200
1936,3,2.5,10972,17,1,3,2.8,0,4,327000
526,3,2.0,8770,1,2,3,6.6,0,5,173500
937,3,3.0,13301,3,1,5,10.0,0,4,244300
1928,5,4.5,9843,19,2,4,10.4,0,3,330300
2280,3,2.0,9838,5,2,2,8.8,0,3,328300
1911,3,2.0,4633,14,2,2,16.4,1,4,291900
1725,5,3.5,9935,16,2,3,16.3,1,4,297600
1604,4,3.0,13142,7,2,1,6.9,0,3,235900
839,2,1.5,5656,59,0,3,4.5,0,2,166900
1332,4,2.5,14698,37,2,2,8.2,0,5,254400
1501,3,1.5,8633,26,2,3,13.6,0,3,286600
2487,3,2.5,5449,2,0,1,0.5,0,3,318800
2023,2,2.0,12991,2,1,3,38.6,0,3,308500
654,2,1.0,7853,14,2,4,1.6,0,4,182000
2011,4,3.5,12038,4,2,3,5.1,0,3,307600
1550,3,2.0,7833,77,2,5,16.4,0,4,270700
1360,3,2.5,8761,3,1,4,2.0,1,3,307600
2198,4,3.5,10974,13,2,3,5.2,0,2,370900
2470,4,3.0,10164,9,1,1,1.1,0,3,320400
2405,2,1.5,1500,20,2,4,4.0,0,4,348100
1255,4,2.5,4515,3,2,5,1.6,0,5,282100
1599,2,1.5,12718,11,1,4,3.6,0,4,265000
2015,4,3.0,8471,6,2,2,3.7,0,5,340600
2434,4,2.5,6905,44,3,5,39.9,0,2,345900
1489,6,4.5,3566,1,2,2,40.0,0,2,218600
1679,2,1.0,4681,49,2,4,1.0,0,3,254600
1081,2,1.5,1500,36,2,5,10.4,0,3,258100
1022,3,2.0,8595,7,2,2,0.5,1,4,220600
2328,3,2.0,6606,31,0,5,0.5,1,4,396100
2682,3,2.0,5134,1,1,3,0.9,0,5,366300
1753,5,3.5,8728,68,1,5,26.9,0,3,299400
2452,3,2.5,10456,15,2,2,22.6,0,3,326800
2035,3,2.5,17373,7,2,5,1.7,0,3,382000
1381,4,2.5,2952,9,1,1,1.4,0,3,217400
2035,3,1.5,13638,1,2,4,2.2,0,3,356200
2800,4,2.5,12892,91,2,3,5.8,0,3,373700
1777,2,1.5,5884,1,2,3,6.7,0,3,284400
2817,3,2.0,9813,21,2,2,2.0,0,3,377200
500,1,1.0,7169,12,2,4,11.3,1,1,160900
2334,2,1.0,9743,59,1,2,3.0,0,3,307800
1857,5,3.5,15037,6,0,3,20.4,0,3,278000
1606,2,1.5,11422,15,3,2,8.6,0,1,213000
1860,3,2.5,11034,13,1,5,4.6,0,3,297200
508,3,2.0,7279,24,0,1,12.5,0,3,123600
1657,3,2.0,3064,1,2,2,13.6,0,3,260600
2032,5,3.5,8166,4,1,2,2.7,0,2,320900
2761,1,1.0,13826,5,2,3,3.3,0,3,389100
1463,4,2.5,2891,27,1,2,22.0,0,4,181300
1274,6,5.0,4780,4,2,3,1.4,0,3,256800
1474,4,2.0,9505,17,1,4,0.5,1,4,308900
2395,5,3.5,5061,5,1,4,4.8,0,3,379200
2014,2,1.5,5830,40,2,3,12.9,0,3,281400
1456,3,2.5,7306,57,2,1,11.8,0,4,224800
2134,3,3.5,3538,15,2,4,20.2,1,3,336000
1863,4,3.0,5104,9,3,2,6.1,0,4,301900
2430,6,4.0,11814,5,0,4,0.8,0,3,387400
1344,3,2.0,3771,1,2,2,7.1,1,3,254600
1587,4,2.0,2609,6,2,3,12.1,0,4,261700
1545,2,1.5,6480,21,3,3,0.8,0,2,232800
849,4,2.5,11928,15,0,4,1.5,0,3,212800
1992,3,2.5,8212,58,2,2,0.5,0,3,287100
1970,6,4.0,7142,10,2,3,7.2,0,3,348300
1803,4,3.0,9177,24,1,2,17.4,0,3,262700
1648,3,2.0,2017,13,2,4,8.9,0,3,276700
880,2,2.5,10979,14,0,5,32.2,0,4,187000
1527,2,1.5,10534,6,2,3,0.5,0,4,294000
1577,3,3.0,7363,12,3,3,18.7,0,3,253300
1279,3,2.5,13024,13,2,5,13.5,0,5,296500
1695,5,4.0,4490,25,2,3,3.0,0,3,322400
2063,4,3.0,13512,56,0,3,29.1,0,3,299100
3026,3,2.5,9618,8,3,3,2.7,1,4,416000
1913,2,1.0,7654,1,2,4,17.6,0,4,276100
1967,5,3.5,8921,14,0,2,17.0,1,4,303600
1752,4,3.5,8571,16,2,4,11.3,0,2,280500
553,2,1.5,13881,4,2,3,6.6,0,3,189500
1783,4,2.5,4693,29,1,1,1.0,0,4,260800
1839,3,2.0,5950,84,1,4,6.1,0,3,297900
3401,2,2.5,13145,58,0,3,3.5,1,4,443200
1675,3,3.0,6618,4,2,2,12.6,1,3,303100
1996,3,2.0,12602,42,2,3,11.4,0,4,365200
1777,2,2.0,15798,24,2,4,19.3,0,3,292100
1040,5,3.5,7393,12,2,4,0.5,0,3,266700
2543,4,2.0,11725,16,2,5,13.2,0,2,391600
2289,4,2.5,4385,38,2,4,22.3,0,4,335300
2314,3,3.0,12019,13,0,1,12.5,0,4,292100
1209,3,2.0,9798,9,2,3,1.1,0,1,207500
2712,4,3.0,10892,14,2,4,0.7,0,4,405700
889,3,2.0,6418,17,2,3,0.5,0,3,214000
2181,2,2.5,2356,4,2,3,7.9,0,2,297900
3224,3,3.0,11013,46,2,3,7.9,0,3,382000
1156,4,4.0,1500,22,3,3,34.7,1,2,213900
1432,3,2.0,7731,20,1,5,4.1,0,3,285400
1865,2,1.5,12765,2,2,3,3.2,0,3,329600
1473,4,2.0,9768,19,0,3,7.8,0,4,268100
792,3,3.0,16793,3,3,5,14.0,0,4,234800
1845,3,1.5,13100,2,1,3,22.1,0,3,240300
1110,2,1.5,6384,15,0,2,13.0,1,1,157700
2108,3,1.5,9109,10,1,3,4.5,1,5,335100
1202,4,2.5,8811,18,2,4,8.1,0,4,282900
2807,3,2.0,2671,2,1,4,15.5,0,1,363900
1291,3,2.0,5238,11,2,4,5.4,0,4,286200
1591,5,3.5,6757,4,2,4,2.0,0,3,288900
2329,5,3.5,1500,87,0,2,1.5,0,3,332800
1000,5,4.0,9190,16,1,4,0.5,0,3,269000
1948,3,1.5,8004,23,2,4,10.1,0,3,275700
2650,3,2.5,2308,8,2,2,0.9,0,4,386800
755,6,5.0,10617,2,2,2,2.2,0,3,220000
1920,4,2.5,11863,74,2,5,2.8,0,2,346200
1969,1,1.0,9908,7,1,4,6.6,0,5,311500
2308,2,1.5,7704,11,0,4,4.1,0,5,381900
996,3,3.0,11366,21,1,4,9.0,0,4,220700
942,5,4.0,11721,1,2,3,0.5,0,3,263000
2139,3,2.0,10230,33,3,3,1.1,0,2,339300
1993,3,2.5,5702,15,2,3,5.5,1,4,311300
1963,2,1.0,10106,7,0,1,3.3,0,2,284500
2025,4,3.5,13782,1,1,4,2.8,0,2,352100
1358,4,3.0,6613,4,1,3,0.6,0,3,272800
1951,3,2.0,17392,45,2,3,18.1,0,2,264400
1990,4,2.5,6897,23,0,3,9.4,0,1,316600
1336,6,4.0,9130,6,3,3,1.0,0,3,266000
3013,3,2.5,6310,1,2,2,0.5,1,2,420400
2108,3,3.0,9893,23,3,2,29.5,0,2,259000
1026,3,2.0,2031,17,2,2,9.1,0,2,163300
2227,4,3.0,6816,10,2,2,4.3,0,3,338800
1166,4,2.0,4632,9,2,5,9.7,0,4,289400
2312,4,2.5,9541,5,2,2,11.3,0,4,314200
2553,4,3.0,12978,22,2,2,12.1,0,3,373500
1267,3,2.0,11584,71,2,3,5.2,1,3,270100
2426,5,3.5,1500,4,2,3,4.5,0,1,326700
2068,3,2.0,17168,18,3,2,0.5,0,2,345100
2334,2,1.5,10181,11,2,4,20.9,0,3,312500
3033,4,3.0,5894,12,2,4,7.4,0,3,420000
1640,4,2.0,9629,6,2,2,1.8,0,4,290100
1310,3,1.0,9705,35,1,2,20.2,0,3,180200
1222,5,3.5,6333,13,0,5,19.7,1,3,276100
1270,5,4.0,9792,16,2,4,36.2,0,2,240700
1750,3,1.0,6570,7,2,4,16.6,0,4,290400
2022,6,4.5,7383,4,2,1,40.0,1,3,292600
1980,2,1.0,6255,2,2,3,2.2,1,4,319700
2338,3,3.0,3269,25,2,3,14.8,0,3,329700
1808,2,1.5,9583,4,2,2,13.9,1,4,304400
2745,5,4.0,11341,23,0,3,2.1,0,5,430600
1628,4,3.0,11060,10,2,3,0.8,0,5,329700
3568,2,1.0,12280,11,2,3,31.1,0,3,405800
2207,3,2.5,10297,13,1,4,2.8,1,3,374300
1243,4,3.0,6869,9,2,4,16.4,0,3,237400
1104,2,2.0,12359,2,2,3,0.5,0,5,233600
2114,5,5.0,3570,7,1,4,0.5,0,3,359400
1655,4,2.0,5397,22,1,2,5.0,0,2,226600
2264,3,3.0,5143,22,3,4,2.2,0,3,375400
2108,6,4.5,13320,7,2,2,9.4,0,2,343700
1753,3,2.5,12771,12,1,1,6.7,1,3,233600
1250,6,4.5,10949,4,1,3,0.6,0,3,261500
815,4,3.0,13288,5,2,3,1.4,0,3,199300
1510,4,2.5,5483,0,2,5,3.9,0,2,292300
2357,2,1.5,10394,45,2,3,1.6,1,5,377300
1939,5,3.0,8499,5,0,2,12.6,0,4,290500
990,3,2.5,12388,5,2,3,4.3,0,4,228000
1913,2,1.5,8539,7,2,3,0.8,1,3,338600
2050,1,1.0,7460,3,1,3,5.3,0,4,265100
1225,4,3.0,11164,20,2,4,0.8,0,3,296900
1900,3,3.0,12505,2,2,4,1.1,0,3,332500
1838,4,2.5,6327,3,2,4,2.2,1,2,326600
1057,5,4.0,8756,21,3,5,15.7,0,3,260600
2033,2,1.0,4766,8,1,2,20.7,0,2,275900
2165,4,3.5,1500,25,2,4,14.0,1,5,340100
2504,2,2.0,9802,16,2,3,3.3,0,1,340900
2485,5,4.5,11436,6,3,4,2.5,0,3,425600
905,4,3.0,10048,21,1,3,6.4,0,3,182600
1190,3,2.5,1500,2,2,5,10.2,0,3,242600
2135,4,3.0,7597,15,1,4,40.0,0,3,300700
2134,3,3.0,1500,11,2,5,1.1,0,2,334300
2135,3,2.0,14479,6,0,4,0.5,1,4,356600
4304,4,3.5,4656,19,2,5,9.5,0,3,559900
2171,3,2.0,14022,41,1,4,14.3,0,3,345000
2538,3,2.0,12783,120,1,3,15.0,0,4,348900
2420,3,2.5,5398,19,2,2,9.1,0,4,352900
2223,4,3.0,4469,10,2,3,24.6,0,4,304800
1595,3,2.0,10401,5,2,1,5.7,1,3,232200
2293,2,1.5,5623,6,2,3,19.6,0,3,346600
1298,4,4.0,9410,13,1,3,27.5,1,3,230900
1646,4,3.5,7069,9,2,3,15.0,0,4,263900
1485,2,2.0,1875,49,2,5,3.0,0,4,255500
1853,3,2.0,1500,9,0,5,1.7,0,2,325900
3305,2,1.0,9907,9,2,2,6.4,0,3,403400
586,3,2.5,6754,10,2,3,4.8,0,4,183000
2246,3,2.5,6788,36,2,3,16.8,0,3,312700
752,4,3.5,11783,21,2,3,0.8,0,3,233600
1493,4,2.5,13694,19,2,4,2.4,0,3,296700
2508,4,3.0,7910,8,0,3,11.1,0,3,395000
1842,3,1.5,7638,34,1,3,0.8,0,5,307200
1099,4,3.0,11001,1,2,4,3.1,0,3,285200
1335,3,2.5,3572,41,1,4,3.9,0,3,265000
2242,6,4.5,9893,14,0,2,7.8,0,2,323500
1325,4,3.5,11208,10,2,4,1.4,0,1,260900
1941,2,1.5,11721,14,2,3,15.8,0,3,297200
1830,4,3.0,1500,22,1,2,4.7,0,3,277000
1376,3,1.5,5955,0,2,1,19.9,0,3,185800
3194,4,3.0,5487,41,2,3,5.0,0,4,436200
2212,2,1.0,9400,12,1,3,2.6,1,4,364100
500,2,1.5,10923,8,2,2,1.2,0,3,191700
1921,5,3.0,14987,3,2,4,0.5,0,3,373500
1370,3,3.0,7020,12,2,4,6.1,0,5,323900
2354,4,3.5,7010,14,2,2,0.9,0,3,331500
1285,3,2.5,13599,10,0,1,4.0,0,4,232900
1725,4,4.0,10186,23,2,4,7.1,1,3,354000
2128,4,2.5,14071,11,2,1,2.6,0,4,302000
2363,3,3.0,10155,65,3,5,1.5,0,4,393200
1020,3,2.5,4372,18,2,3,11.9,0,4,244800
1583,3,2.0,3667,33,2,3,23.5,0,4,227900
1491,1,1.5,2794,2,1,2,0.8,1,5,232700
1375,3,1.5,11648,10,1,1,1.4,0,3,246500
2948,4,2.5,13754,8,1,2,25.8,0,3,393700
2063,5,3.5,16397,17,2,2,0.5,0,3,344000
980,5,3.5,12372,39,1,3,30.4,0,4,206300
2397,4,2.5,13651,2,2,2,0.5,0,4,358900
3179,4,3.5,6680,2,1,3,16.6,1,2,426900
2471,4,3.0,4374,38,3,3,2.9,0,2,381400
812,3,2.5,12400,5,1,2,22.3,0,4,180900
1485,5,3.5,10671,22,3,1,3.0,0,3,293100
2623,4,2.0,9430,16,3,1,8.5,0,3,325500
1340,4,3.0,10549,36,2,1,0.7,0,4,235800
2088,2,1.0,10293,3,2,4,2.2,0,3,331300
2304,3,2.0,14135,3,2,3,11.9,0,2,317700
1197,3,1.5,14180,16,2,4,6.0,0,2,246900
1761,5,4.5,11177,59,1,3,21.0,1,3,305000
500,3,2.5,12383,11,1,3,4.5,0,3,184500
1134,3,2.5,11056,8,2,3,16.3,0,3,264400
1636,6,5.0,7155,19,2,4,4.8,0,3,331200
989,2,1.0,12026,53,2,2,31.0,0,3,175800
2861,3,2.5,3422,36,1,2,25.7,0,2,326000
870,1,1.0,13216,108,2,3,3.2,1,2,225800
1514,4,3.0,4222,0,0,3,17.4,0,5,308800
1885,5,4.5,10143,2,0,3,15.1,0,3,318500
2737,3,2.5,5619,19,1,3,1.9,0,4,367200
867,5,4.0,11214,34,0,3,7.8,0,4,209700
2556,3,1.5,8864,7,1,3,0.6,0,3,369200
1807,5,3.5,2621,5,2,3,14.5,1,4,321600
1162,4,3.0,10683,31,0,4,1.5,0,2,256900
2100,4,3.0,6688,1,2,4,0.6,0,4,373700
1929,1,1.0,12525,9,1,3,4.1,0,3,294400
1410,6,5.0,9005,14,2,4,6.9,0,4,301100
1845,4,4.0,10582,16,2,4,15.4,0,2,320200
1550,3,2.5,5170,26,1,3,29.3,1,4,282300
1874,4,3.0,6643,9,2,3,4.6,0,2,318100
2230,3,2.0,7165,19,2,4,0.5,1,4,383600
2831,5,3.5,12427,18,2,3,11.1,0,3,425600
995,2,1.5,15710,16,1,1,6.7,0,4,179800
3186,4,3.0,5779,20,3,4,4.8,0,3,442800
531,3,1.5,13307,6,2,1,3.0,0,3,133400
1701,2,1.5,1500,2,1,4,5.6,1,3,289000
2182,3,2.0,4223,3,2,4,3.3,0,5,355600
1983,1,1.0,5165,5,2,5,11.3,0,1,324200
1395,3,2.0,3590,14,2,1,6.3,0,5,217100
1665,3,2.0,2666,37,2,3,16.8,0,3,235400
1480,4,4.0,10652,24,2,3,6.3,0,4,322200
1417,3,2.5,8144,31,1,3,2.2,0,3,244100
2352,3,1.5,10518,9,2,1,15.2,0,3,301800
2032,4,3.0,11762,10,2,3,6.5,0,4,347500
1350,1,1.0,10062,10,1,3,1.9,0,3,216700
2385,5,4.5,11631,4,1,2,7.8,0,3,376600
2000,5,3.5,8722,1,1,3,3.5,1,1,336400
2328,4,3.0,4252,18,3,4,14.9,0,2,375100
2209,4,3.5,13231,91,1,4,4.8,1,3,358000
1261,5,3.0,6644,4,2,5,10.4,0,4,296900
1436,2,1.0,5258,1,0,3,0.8,0,3,241200
2286,2,1.0,8288,30,2,5,4.0,0,2,356700
2197,3,3.0,5349,6,2,4,32.7,0,3,291900
1786,4,2.0,7330,35,3,2,13.2,1,3,280400
1876,1,1.0,10376,24,2,2,1.4,0,3,246100
2630,4,3.0,10393,58,2,3,2.6,0,4,396300
1415,6,5.0,5409,11,2,3,3.2,0,4,255700
2156,5,4.5,7049,22,0,3,8.4,0,2,288000
1669,3,2.0,13297,13,1,3,11.3,0,4,299600
1659,2,1.5,10986,20,2,4,11.1,0,3,275200
2514,4,3.5,17300,12,3,3,5.7,0,4,386200
2337,4,2.0,13721,4,2,2,13.3,0,2,346800
2329,2,1.5,13577,14,1,4,4.6,0,4,372300
2649,2,1.5,3449,15,1,3,1.1,0,3,371200
1814,5,4.0,12055,33,1,5,6.6,0,3,342200
2243,4,2.5,8788,27,3,2,24.3,0,1,333800
1598,4,3.0,6796,22,2,5,12.6,0,2,285600
2011,5,2.5,9672,2,2,1,6.9,0,2,315200
1715,4,2.5,12781,26,2,2,8.3,0,3,273400
1863,3,2.5,11003,14,2,1,21.3,0,2,211600
2187,3,2.0,5486,45,2,4,4.5,0,4,353900
1268,3,2.5,11970,50,1,4,3.2,0,1,246800
3160,3,2.5,6450,1,2,3,30.3,0,3,376600
1146,4,3.0,9867,34,0,5,15.9,1,2,236900
1011,4,3.0,7787,1,1,3,3.1,1,5,257900
2553,5,3.5,8125,9,2,3,5.0,0,5,407300
2315,3,2.0,12065,16,2,4,4.3,0,3,321600
2206,4,3.5,4839,3,2,2,1.3,1,3,359400
2208,4,3.0,16781,27,2,3,25.3,0,1,302000
1792,4,2.5,1716,0,2,5,4.1,0,5,323400
1217,4,3.0,6609,4,2,5,16.7,0,3,286700
1849,3,2.5,10481,17,2,5,1.7,0,1,324400
1360,3,1.0,11337,25,2,5,6.4,0,3,303100
2434,2,2.0,8598,50,2,2,0.5,1,2,339900
1704,3,2.0,8770,24,1,4,11.6,0,3,285800
1263,3,2.5,10642,22,1,3,7.0,0,4,244600
1591,4,3.5,8076,10,2,5,7.9,0,3,328000
2068,6,4.0,14573,0,1,3,0.5,0,3,352200
1434,4,2.5,12357,3,2,3,1.9,0,2,255500
1266,4,3.0,12491,15,1,3,0.6,0,3,269900
1958,3,2.0,5135,22,1,3,2.7,0,2,284900
1959,4,4.0,8682,11,2,1,7.9,1,4,307600
1470,2,1.0,7798,26,3,4,6.7,0,2,278400
1494,3,2.0,4978,15,1,4,7.6,0,3,264100
1951,3,2.5,10441,2,2,2,6.4,0,3,298400
859,3,1.5,6849,4,2,4,2.6,0,3,210800
885,1,1.0,11622,37,0,3,2.2,0,3,191100
1333,2,1.5,4719,26,2,3,1.2,1,3,253600
1661,3,2.0,15876,45,2,2,15.1,1,3,284400
2002,6,4.5,5415,3,2,4,7.7,0,3,343000
2759,3,2.0,9877,93,2,4,1.7,0,3,392100
2357,3,1.5,12167,5,1,3,1.6,0,3,365100
1696,2,1.5,6717,0,0,3,16.5,0,3,256900
1788,4,4.0,12410,119,3,1,10.9,0,4,263200
1148,3,2.5,4083,7,2,3,8.6,1,1,241200
1788,3,2.5,14808,22,2,2,4.2,0,3,255900
1612,3,2.5,9057,4,2,2,2.4,0,2,272500
2010,1,1.0,6614,17,1,4,31.1,0,2,242600
1262,1,1.5,7803,47,2,5,12.8,0,3,282300
2138,3,2.5,12236,8,1,3,2.9,0,4,314600
2796,1,1.5,6662,22,1,2,15.0,0,4,363800
1729,2,1.0,6003,4,1,3,11.4,0,2,250700
2061,3,3.0,8114,20,2,4,2.8,0,3,334900
2249,4,3.5,4292,8,1,4,4.4,0,3,359600
1539,4,3.5,16282,5,2,4,1.6,0,2,322800
1946,3,2.5,6734,8,3,3,0.9,0,4,311300
1808,3,2.0,12326,4,2,4,10.3,1,4,321800
1863,5,4.5,9838,46,2,2,2.5,0,5,333300
1298,3,2.5,5062,10,2,3,13.7,0,1,183700
1816,2,1.0,8976,6,1,3,40.0,0,3,229100
2124,4,2.5,12136,12,2,3,0.6,0,4,406900
2743,2,1.5,8247,8,2,5,5.1,0,4,403600
2424,3,2.5,13772,27,3,4,13.0,0,4,404500
3200,3,2.0,13086,71,3,2,12.4,0,2,384900
1301,5,4.5,12676,12,2,2,11.4,0,3,260700
2367,3,1.5,7161,39,2,3,3.4,0,3,349100
1919,4,3.0,4681,17,2,2,4.8,0,1,291100
3223,6,3.5,6546,3,2,3,7.2,0,3,444400
1275,2,2.0,9785,23,2,5,29.2,0,3,280700
1254,3,2.0,11183,14,2,5,3.2,0,2,264100
1410,3,2.5,1500,21,3,4,20.5,0,3,253000
500,3,2.0,8968,44,2,4,2.5,0,3,189100
1458,3,3.0,9632,12,2,3,36.1,0,3,211200
1307,5,4.5,7890,46,2,2,8.9,1,4,255400
1898,4,3.5,14165,28,3,3,5.0,1,3,342300
2022,4,3.0,10687,13,1,3,7.6,0,3,312000
3020,3,2.5,14241,18,2,4,2.5,0,5,503400
2418,4,2.5,8136,8,2,2,2.6,0,5,347900
1425,6,5.0,12750,82,1,3,1.0,0,1,290700
1216,4,4.0,15540,22,2,3,1.0,0,4,293200
2120,1,1.5,14247,1,2,5,3.4,0,2,354700
942,4,2.5,4631,8,2,3,11.5,0,1,172200
2990,2,1.5,7985,20,1,4,7.5,0,3,391100
2567,3,1.5,7619,1,2,4,0.9,0,3,379200
1495,2,2.0,10957,0,2,2,15.3,0,4,215300
686,4,3.0,11745,12,2,3,7.4,0,4,191800
2680,4,2.0,5644,8,1,4,25.9,0,5,356200
1726,2,1.0,9271,12,3,3,8.9,0,4,311000
2605,3,2.0,1500,6,2,5,1.5,0,3,410400
764,3,2.0,14768,4,2,2,5.1,0,4,213900
1410,3,1.5,6951,23,2,1,8.4,0,5,235800
1803,2,1.5,9223,14,2,4,0.5,0,4,322000
1831,3,2.5,7761,4,2,4,0.5,0,4,359400
1507,4,3.0,13584,8,2,5,1.1,0,5,334100
2205,2,1.0,1500,18,2,4,2.3,0,2,320800
1106,2,2.0,8934,1,2,5,4.5,0,4,286800
1707,3,3.0,8577,3,2,4,5.3,0,4,296600
1878,5,3.5,7185,2,1,4,1.2,0,5,410800
2134,4,2.5,15905,33,2,3,9.0,0,3,336300
2263,4,3.0,5451,28,1,3,7.3,0,3,332200
1069,3,2.0,12087,28,1,5,2.8,1,4,302700
803,4,3.0,10425,25,3,3,0.5,0,3,236200
2630,1,1.0,14046,22,2,3,0.6,0,3,370100
2016,4,2.0,6331,13,2,3,4.0,0,3,317500
1313,5,4.5,6068,21,2,3,1.3,0,3,241300
2808,4,3.0,13384,1,3,3,3.8,0,3,409400
1875,5,3.5,10701,19,2,1,7.9,0,3,290000
2567,4,3.0,2820,30,2,4,6.3,0,3,386000
1844,2,1.5,6843,14,2,3,2.1,0,3,311700
3139,5,3.0,10546,9,3,3,3.4,0,3,445400
2941,2,2.0,12351,6,2,2,7.6,1,2,363000
1638,3,2.5,6283,21,2,1,15.8,0,1,226300
2432,2,1.5,1500,24,1,2,11.2,0,2,315600
2219,1,1.0,11093,41,1,4,6.4,1,3,355200
2690,3,1.5,4119,8,1,1,3.6,1,4,346400
1173,3,2.5,1500,29,1,5,3.6,0,2,261500
2246,3,2.0,1500,16,2,2,16.9,0,2,342100
2488,4,3.5,12256,43,0,2,0.5,0,4,359600
657,1,1.0,9514,15,0,2,35.4,0,3,81400
1031,2,1.5,8097,15,1,1,8.7,1,5,184400
500,4,2.5,14556,17,1,4,9.1,0,4,214300
1625,3,2.5,11549,28,1,4,0.5,0,3,269800
2266,4,3.0,15465,67,2,3,7.4,1,3,364200
2777,4,2.5,3429,2,2,2,5.3,0,3,376500
1848,4,2.5,8862,1,0,2,0.9,0,2,304600
2859,4,3.0,2533,55,2,3,2.6,1,2,415100
903,3,2.0,8082,15,2,5,17.7,0,2,233600
693,4,3.5,8006,19,1,2,6.4,0,4,143400
1764,3,2.0,11506,13,2,4,4.3,0,3,330300
2050,3,1.0,9182,2,2,3,0.6,0,1,315800
1779,4,3.0,11494,29,2,2,10.0,0,4,292200
500,3,1.5,11814,28,2,3,9.7,0,3,131600
1742,4,2.0,17620,7,0,1,7.6,1,3,258200
952,4,2.5,7739,7,3,4,5.7,0,3,222100
2235,5,4.0,5236,36,2,2,4.6,0,3,290200
2038,5,4.5,9984,2,3,4,7.2,0,5,385000
1189,3,2.5,5791,43,0,1,2.1,0,2,159700
1466,3,2.0,14928,6,3,5,22.7,0,3,342700
1112,4,3.0,7867,18,2,2,7.1,0,3,211700
1759,3,2.0,6738,55,2,4,3.0,0,3,322000
2421,4,2.5,7115,23,0,4,4.8,0,3,333000
1159,4,2.5,11874,11,2,5,13.1,1,4,283900
2128,4,2.0,8369,23,3,3,1.4,0,5,355000
1455,3,2.0,6433,8,2,4,2.8,0,3,262400
1285,2,1.5,15661,6,2,3,9.1,0,3,239200
1730,3,2.0,5575,114,3,2,3.0,1,3,271500
1127,2,1.5,9142,28,2,3,12.6,0,3,205300
1440,5,3.5,11609,21,2,2,1.1,0,3,300000
1021,3,2.5,2475,9,2,5,11.5,0,2,238400
3077,2,1.0,10921,1,3,1,0.6,0,3,396000
1823,1,1.0,4780,1,0,3,0.5,0,3,282000
1345,4,2.5,12291,16,2,3,18.3,0,4,267100
1939,4,2.5,5149,29,2,3,7.0,0,4,308500
1727,3,1.5,11771,15,2,4,3.5,1,2,305200
1656,2,1.0,13423,37,2,2,2.1,0,2,251500
2199,3,2.5,12446,1,3,3,7.7,0,5,386500
2292,3,2.5,10005,9,3,2,5.7,0,3,353600
1455,4,3.5,8075,5,0,5,38.2,0,4,265500
1426,4,3.5,6694,12,2,4,32.7,0,2,257400
1621,3,1.5,14884,2,0,5,8.1,0,3,306300
500,3,2.0,6202,62,1,1,4.7,0,3,116800
815,6,4.0,4852,5,2,2,5.4,0,4,203000
2688,3,3.0,11661,51,3,2,9.2,0,2,352000
2869,4,2.5,5815,11,2,1,0.9,0,3,390800
1638,2,2.0,5200,85,1,2,3.2,0,3,239100
2175,3,2.5,3226,16,0,4,0.6,0,4,344700
2002,1,1.5,7068,53,2,2,0.6,0,5,269400
3801,3,2.0,8669,0,2,3,1.7,0,5,504600
2528,6,5.0,9972,28,1,4,5.3,0,5,418000
1717,3,3.5,12805,47,2,4,12.3,1,1,283200
1179,1,1.0,11108,3,3,3,5.3,1,1,226700
756,1,1.0,8237,2,2,3,3.3,1,2,179600
1932,3,1.5,8207,11,2,3,0.7,0,3,309100
1308,2,2.0,11041,54,2,2,6.4,0,4,230300
876,1,1.0,14090,16,2,3,2.5,0,4,193900
1380,4,3.0,9505,15,2,3,7.6,0,2,245200
1097,3,2.5,7123,3,1,4,30.2,0,3,213800
2897,3,2.5,5029,0,3,4,0.9,1,5,478400
2373,5,4.0,3219,33,2,3,1.9,0,3,362200
1795,2,1.5,11665,2,2,3,5.1,0,2,273600
2762,6,5.0,11312,20,2,2,27.7,0,3,380700
1850,3,2.0,11309,49,0,4,11.8,1,3,337200
1240,5,3.5,8485,5,1,3,18.3,0,3,255500
2790,4,2.5,14628,22,2,2,3.2,0,3,396800
2150,4,3.5,7064,2,2,2,38.7,1,1,289800
1126,6,5.0,12821,19,1,2,0.9,0,5,291700
1676,3,2.5,8845,4,2,4,0.5,0,3,330700
1231,6,5.0,6567,27,2,2,15.5,0,3,242700
901,3,1.5,11370,7,2,3,21.0,0,5,229800
2402,3,3.0,10639,12,2,3,0.8,0,2,336800
3041,3,3.0,10428,18,3,3,1.0,0,2,393000
891,3,2.5,9325,4,2,4,0.5,1,4,261400
2166,2,2.5,8848,27,2,4,0.9,0,3,347200
1377,4,2.0,18553,7,1,3,1.9,0,4,274800
1483,3,2.0,13737,22,1,1,28.1,0,3,215300
1415,4,2.5,11891,3,0,3,8.8,0,1,206400
1238,4,3.5,9447,23,2,3,12.1,0,3,233800
1832,3,1.5,13029,3,1,3,12.0,0,2,273000
1260,3,2.5,11072,11,1,4,6.1,0,4,240500
1976,3,3.0,9105,6,2,2,12.8,0,3,318700
1767,2,2.0,7786,28,1,3,7.2,0,5,265400
1645,2,1.5,8676,6,1,2,3.0,0,4,250600
1210,3,2.0,1500,43,1,4,6.6,0,2,235800
1425,3,2.0,9842,44,2,3,6.1,0,4,272500
2291,6,5.0,7046,4,1,4,13.9,0,3,353500
2126,4,3.5,15371,19,2,1,32.0,0,4,300700
1165,3,2.0,9077,2,2,3,4.2,0,4,252700
1865,4,3.0,4244,10,2,4,11.5,0,3,355000
2288,2,1.0,8800,25,2,2,0.8,1,3,332300
715,3,1.5,4816,22,2,4,12.0,0,3,184600
2153,4,4.0,10894,20,0,3,3.7,0,3,320300
1369,3,1.5,10164,7,1,3,0.5,0,2,231500
2171,3,2.5,12831,9,1,3,3.6,0,3,321500
1304,6,5.0,5836,2,1,3,7.5,0,3,292600
627,5,3.0,9136,25,1,3,1.0,0,2,184900
742,4,3.0,3540,14,1,3,20.6,0,1,161500
1831,4,3.5,11806,25,2,4,0.6,0,3,362500
1969,4,3.0,11075,6,2,3,21.3,0,3,264500
1212,3,3.5,10983,8,2,2,9.8,0,4,260400
2215,3,1.5,9006,8,2,2,3.2,1,3,329000
720,1,1.5,10659,1,1,1,4.0,1,3,166200
1757,3,2.0,15417,8,1,3,10.8,0,3,275500
1013,3,2.5,7860,33,2,4,7.4,0,4,225600
1376,3,2.5,9555,46,0,4,8.9,0,3,261900
1831,6,4.0,4655,15,0,2,3.9,0,5,346900
1241,5,4.0,5527,12,2,5,5.4,1,5,339300
1550,4,2.0,9391,1,3,3,36.7,0,4,278900
2454,3,2.5,13416,42,2,5,1.9,0,5,414800
1425,5,4.0,7975,0,0,4,4.3,0,3,279200
2343,2,2.0,8056,58,2,4,2.8,0,3,338100
1066,4,3.5,7372,13,2,1,11.6,0,4,190800
2144,2,1.5,6861,8,2,2,11.6,0,4,263000
2737,4,3.0,10180,52,2,1,2.8,0,4,350800
500,3,2.0,3011,0,2,4,0.7,0,4,186500
1282,5,3.5,14124,17,1,3,0.5,0,5,285300
2175,5,4.5,6338,16,2,4,4.5,0,3,368700
1668,2,2.0,11888,5,2,3,4.2,0,4,301200
2041,3,2.0,3920,11,2,4,35.6,0,4,298100
1407,6,4.5,11675,21,2,2,5.1,0,4,267900
1856,3,2.0,11688,26,3,2,2.4,1,3,267700
1699,5,4.5,10537,0,3,3,17.7,1,4,316700
2559,4,3.5,5022,55,2,3,5.4,1,5,376700
1965,3,3.0,9998,4,2,3,7.3,0,3,326100
2019,3,2.0,4268,5,3,4,0.8,1,3,365800
1532,3,2.0,7989,6,0,1,3.9,0,3,240200
1483,4,3.0,13118,1,1,3,23.1,1,5,302500
1519,3,2.5,12187,3,2,4,7.1,0,3,292500
2056,3,2.0,9061,86,2,1,3.4,1,3,278500
1526,3,2.0,5101,8,2,5,7.9,0,3,281500
1988,4,3.5,11582,2,2,5,19.3,0,4,334600
3149,5,4.0,9078,2,1,1,2.6,0,2,417400
2366,6,4.0,1500,25,1,2,5.6,0,3,328900
1588,3,3.0,12131,39,2,3,25.5,0,5,250400
2581,4,3.5,8903,6,1,4,1.5,0,4,394500
1535,4,3.0,13810,0,2,3,10.2,0,2,261800
500,4,3.0,4619,5,1,3,7.6,0,5,185800
1145,6,5.0,1500,1,1,4,9.1,0,4,289800
584,3,2.0,10116,2,2,2,3.5,0,2,152900
1572,2,1.5,10166,11,2,4,3.0,0,1,229100
1812,5,2.5,2237,5,2,4,9.2,0,2,298100
2890,3,2.5,5086,15,0,3,1.9,0,4,391400
2013,4,2.0,20021,6,2,4,4.4,0,1,337400
1658,5,4.5,7778,56,2,4,1.7,0,3,305200
2339,2,1.5,11924,47,2,2,0.5,0,4,336200
500,5,3.5,6397,17,2,3,28.1,0,3,155800
1953,3,2.0,1500,9,1,3,4.5,0,4,299800
2301,3,2.0,8319,10,2,1,27.9,0,4,294100
839,4,3.5,7938,11,2,5,1.2,1,2,250500
2543,5,2.5,7400,26,2,2,7.1,0,4,349700
2020,1,1.5,8541,12,1,4,1.8,0,3,343300
1530,3,2.5,10057,39,3,3,12.5,0,3,273800
2211,4,2.5,8400,58,2,1,12.2,0,3,301700
3276,4,2.5,3944,8,1,5,1.0,0,2,482500
1918,4,4.0,10945,16,1,4,19.4,0,5,346700
1961,2,1.0,1500,2,2,3,1.7,0,3,309800
1501,3,1.5,1500,4,2,2,7.6,0,2,193600
1248,3,3.0,11957,11,2,2,33.9,0,5,222200
2340,4,3.0,11028,5,2,3,17.1,0,3,344200
1244,3,2.0,8770,42,2,2,25.1,1,4,243300
1847,3,2.5,3418,3,2,3,3.4,0,3,313400
1490,6,4.0,6168,12,1,5,0.9,0,4,318000
2111,1,1.5,7949,19,2,3,1.7,1,1,312300
2017,6,5.0,2616,24,3,4,5.6,0,3,357200
2474,4,3.5,6044,10,1,4,12.6,0,3,378500
1468,4,3.0,11609,41,2,3,1.3,0,2,248500
1625,3,3.0,14709,17,2,4,8.6,0,4,321300
1164,1,1.0,7322,12,2,3,3.1,0,3,213700
1511,4,2.5,12026,1,2,4,3.3,0,3,308800
2045,4,3.0,1500,12,2,2,8.7,0,1,260900
2292,4,4.0,11638,34,0,2,5.0,0,4,326100
1201,2,1.0,5784,19,3,4,13.4,0,4,262300
2365,4,3.0,10229,36,2,3,1.4,0,3,340200
2681,4,3.0,8009,14,2,4,12.5,0,3,377300
2069,4,3.0,14282,3,2,5,0.5,0,3,383400
3020,4,2.5,5502,0,2,1,1.7,0,3,369800
1297,4,3.5,11510,7,1,3,8.5,0,1,222400
991,4,4.0,7882,24,1,3,15.4,0,3,212200
644,2,1.5,8367,31,2,3,2.3,1,3,158900
2772,3,2.0,8265,7,1,4,3.2,0,5,401400
2225,2,1.0,5617,14,0,2,6.2,0,3,323800
1764,3,2.5,8944,11,2,3,1.9,1,4,326800
1982,3,3.0,8749,11,2,4,13.3,0,3,311800
1068,2,1.5,9965,5,1,2,11.9,1,5,227100
3390,3,2.0,9338,3,2,4,1.3,0,3,481700
1884,2,1.0,12192,4,2,3,5.0,0,3,318100
1871,4,2.5,12694,1,2,5,11.9,0,4,353600
2272,5,4.0,4798,4,2,3,3.3,0,1,356900
2113,2,2.0,12475,0,2,2,8.0,0,2,262800
1946,6,3.5,4255,20,1,3,0.5,1,2,303400
1286,3,3.0,11351,8,1,1,7.5,0,4,224300
2106,3,2.5,11479,72,2,5,1.3,0,1,350400
3023,2,2.0,1500,4,2,1,14.2,0,4,340700
2675,3,1.5,9372,8,2,4,3.5,0,3,400600
2836,4,2.5,7126,9,2,3,2.6,0,1,371200
1468,4,3.0,5965,0,2,3,14.7,0,3,255500
1157,2,2.0,14403,37,2,1,0.5,0,2,211200
1718,2,2.5,6385,1,1,3,4.0,0,3,296300
1836,3,2.5,5774,56,0,3,3.7,0,4,268400
2511,3,2.0,9303,45,2,2,2.7,1,3,333000
700,3,1.5,11742,15,0,5,19.4,0,1,172800
2794,3,3.0,8433,16,1,3,11.1,0,4,387900
1697,4,2.5,13665,21,2,3,0.5,0,4,300100
1523,5,4.5,11124,10,2,3,10.0,0,4,317900
1142,3,2.0,1500,21,2,2,6.0,0,4,211500
724,5,4.5,6882,1,1,5,18.5,1,3,249900
2335,3,2.5,6753,1,0,3,3.0,0,4,325600
1848,3,2.0,10917,12,1,1,6.8,0,3,279300
962,3,2.0,1500,16,2,3,5.6,0,1,130200
958,4,3.0,19196,44,2,3,5.4,0,4,259700
1582,6,4.5,11124,2,2,3,4.9,0,5,344400
2885,4,3.0,9596,35,2,4,1.8,1,4,438200
1631,3,2.0,13726,5,3,1,11.3,0,3,273900
823,4,3.0,18375,10,1,2,4.8,0,3,204900
1640,2,1.5,12483,8,2,4,25.5,0,3,273600
1623,5,2.5,12795,10,2,1,2.4,0,4,278900
500,3,2.5,9523,3,3,4,9.2,0,2,244700
1765,3,2.0,8434,14,3,1,22.6,0,4,270600
1650,4,2.5,7097,32,1,4,8.7,0,3,299500
2253,4,2.0,5696,12,2,3,16.4,1,4,326500
3002,2,1.0,6252,13,2,3,14.1,0,5,402200
2532,4,2.5,3598,38,0,2,3.6,0,3,313500
1625,3,2.0,8697,24,0,1,7.3,0,3,238500
1081,4,4.0,2261,13,2,2,1.4,0,4,227700
3473,4,2.5,9764,6,2,2,6.1,1,3,436400
1838,4,3.0,8855,43,0,3,2.1,0,4,304200
1809,4,3.0,9588,17,2,3,10.9,0,3,282600
1784,3,2.5,6911,5,1,3,6.0,0,2,281400
1929,2,1.5,21307,6,2,4,4.2,0,4,335500
1706,4,2.5,14440,33,1,4,2.5,0,2,304200
1427,3,3.0,4022,1,1,3,40.0,0,5,243900
1445,3,3.0,9931,97,2,3,0.6,0,3,264000
1779,3,1.5,6568,3,1,3,0.5,1,4,301900
1447,2,1.0,4942,32,2,3,2.0,0,3,245000
1337,4,3.0,3640,10,1,4,28.3,1,3,260600
1869,2,1.0,10729,14,2,2,31.0,0,3,223500
1634,4,3.5,6274,43,1,1,8.5,0,4,248200
2778,3,2.0,12871,11,2,4,17.0,0,3,421600
500,1,2.0,12975,15,2,2,1.9,0,4,172800
2509,3,3.0,14496,1,1,4,28.6,1,3,378700
2610,1,1.0,5590,0,2,4,1.2,0,4,397500
500,3,3.0,10901,6,0,1,0.9,0,4,157200
1577,4,3.5,11530,23,2,2,1.0,0,2,279300
1559,2,1.0,7103,3,1,3,6.8,0,3,216400
885,4,2.5,5913,2,2,3,12.1,1,3,188300
1294,1,1.0,15438,11,2,2,3.7,0,3,244600
1078,3,2.5,9910,21,3,4,30.5,0,3,193300
2939,4,3.0,11544,25,2,3,4.6,0,4,430500
2408,3,1.5,5712,4,2,3,1.3,0,3,343900
2627,2,1.0,4123,2,2,1,5.0,0,4,312100
2269,3,2.0,6722,56,3,4,9.1,0,5,369500
1066,3,2.0,8504,6,2,2,14.3,0,3,200100
1459,4,4.0,4743,38,1,4,4.9,0,3,315100
2118,3,1.5,8961,40,2,3,7.2,0,2,292000
1006,4,3.5,2246,30,2,3,2.5,0,4,253200
2263,5,4.5,4520,4,2,4,8.3,0,3,377300
1644,3,3.5,11684,34,2,4,34.1,0,3,258800
1556,5,3.5,11415,29,1,3,0.5,1,5,333100
2262,3,2.5,7432,18,2,2,17.4,0,3,313600
2089,6,5.0,4929,8,1,4,6.6,1,4,379300
1565,2,1.5,4890,6,1,3,2.3,0,3,261500
2554,4,3.0,7507,3,1,2,24.8,0,2,309800
1097,3,2.5,11578,14,2,5,5.3,0,4,264100
2200,3,1.0,12713,18,1,2,3.2,0,1,305300
2186,4,3.5,7014,9,0,1,1.6,0,4,303700
1599,4,3.0,4386,13,2,1,2.2,1,1,236700
2012,1,1.0,10071,9,1,3,14.3,0,4,299500
987,2,2.5,5706,20,1,4,7.6,0,2,212100
2401,4,2.5,6927,46,1,3,19.6,0,3,299200
1680,4,3.0,14301,4,2,3,2.1,0,3,332200
1460,6,5.0,12308,10,2,3,1.0,0,3,306800
2482,4,2.5,9632,3,0,4,0.5,1,3,391600
1342,6,4.0,3912,20,3,1,5.7,0,3,241000
885,4,3.0,9846,26,2,5,40.0,0,3,213600
788,3,2.5,13251,54,1,2,9.5,0,3,185800
2194,2,1.5,7497,7,1,5,2.9,1,3,377700
968,4,2.5,14404,60,2,2,16.8,1,3,216900
2941,4,2.5,14171,1,2,4,12.2,0,3,457100
500,1,1.0,15655,18,1,2,0.5,1,5,193500
2903,3,2.0,10221,1,1,1,13.6,0,3,350500
1937,6,4.5,11350,45,2,4,2.9,1,2,336300
1737,3,2.5,14657,15,1,4,1.3,0,3,347300
1446,3,1.5,10790,22,2,3,2.1,0,4,266000
2059,3,3.0,6995,36,2,4,5.1,0,1,306800
1776,3,2.5,7206,3,2,3,4.4,0,4,273300
2517,3,3.0,9954,1,1,4,2.7,0,3,395400
1874,3,2.5,3838,42,2,3,1.5,0,2,286100
1898,2,2.0,8427,8,0,3,11.5,0,4,262100
1564,4,3.0,13386,3,2,3,36.9,1,3,275200
1763,3,3.0,1500,13,2,3,12.0,0,3,265300
2000,4,3.5,15138,18,2,4,2.8,0,4,413800
688,5,3.5,13489,1,3,2,2.2,0,3,199300
924,3,3.5,7161,6,3,2,2.0,1,4,222900
2283,4,3.5,11174,1,3,3,1.2,1,3,367900
1911,3,2.5,9013,11,2,4,6.4,0,4,356300
1680,5,3.0,13920,45,2,2,7.4,0,4,281000
1812,3,1.5,12931,81,2,3,9.8,0,2,262900
2026,4,3.0,3400,20,2,5,9.1,0,4,366400
1449,4,3.0,11349,4,2,2,2.8,0,3,238200
1294,3,2.0,8177,47,1,4,3.2,1,2,266300
1927,2,1.5,9331,15,3,4,9.2,0,3,348900
1164,4,4.0,6087,3,2,3,3.4,0,2,251300
2065,4,3.5,15993,51,3,5,1.9,0,4,403600
693,3,1.5,13160,28,2,4,3.8,0,3,224300
2469,4,3.0,6041,26,1,3,2.5,0,5,405200
2107,3,2.0,3662,25,1,3,0.7,0,2,322400
1966,4,3.0,7457,4,1,4,14.2,0,3,329900
2439,2,1.5,10738,5,1,3,15.3,0,3,351300
2883,5,3.5,9961,23,2,4,2.0,0,3,419200
2459,3,1.5,14013,5,2,3,0.5,0,4,393600
603,3,2.0,12160,12,2,2,10.7,1,4,164100
968,2,1.0,12878,30,2,2,1.9,0,4,195000
1394,2,1.0,10307,31,0,1,4.0,0,4,150200
1817,3,3.5,3443,12,1,1,0.5,0,2,256700
2136,3,3.0,8217,31,0,4,2.1,0,3,324700
1328,4,3.0,13240,36,2,4,12.6,0,4,299600
1921,1,1.0,8794,21,2,4,13.1,0,3,303000
1309,3,1.5,11012,5,0,3,1.9,0,2,254600
1403,3,3.0,7725,6,1,4,3.3,0,3,257200
886,1,1.5,4881,8,1,3,1.2,0,3,207000
1200,2,1.5,8507,2,2,4,0.6,1,3,305600
921,3,3.0,10236,6,2,3,38.8,0,4,203100
1166,3,2.5,6377,5,2,5,8.5,1,3,292600
2485,3,1.5,8057,12,2,4,6.2,0,1,356000
1183,3,2.0,5242,48,3,2,11.6,0,2,182600
3511,4,3.0,13477,2,1,3,14.7,0,4,484500
2121,1,1.0,7822,25,2,3,13.1,0,5,284900
1920,3,2.0,14811,23,2,2,0.5,0,4,301700
1242,6,4.5,15115,2,2,3,1.7,0,3,256500
2255,3,2.0,8676,51,3,3,8.5,0,5,335800
1426,4,3.0,4966,17,2,1,3.8,0,4,246200
1879,3,1.5,1500,9,2,5,32.4,1,4,319400
3464,4,2.5,3112,28,0,3,8.8,0,4,439200
1738,4,2.5,3505,6,2,4,25.1,0,3,284800
2547,3,2.5,14514,24,1,4,1.8,0,3,357000
1343,6,3.5,9463,1,1,3,16.0,1,2,255800
1777,2,2.0,10558,37,2,3,3.1,0,3,274400
2951,1,1.5,1500,12,2,4,36.5,1,4,367200
1392,4,3.0,4208,20,0,5,1.4,0,4,304000
2978,4,1.5,12548,5,2,2,5.8,0,4,390900
2260,2,1.5,10147,23,2,4,12.6,0,3,327200
1434,3,2.0,8411,30,1,5,4.5,0,2,238100
2211,1,1.0,11259,13,2,4,5.1,1,2,337500
2432,3,2.0,15543,19,2,5,34.4,0,3,345000
2204,4,4.0,8116,12,2,3,4.4,1,3,361500
779,3,2.5,9277,45,2,5,7.4,0,3,209700
1327,3,2.0,9770,14,1,4,0.5,0,1,251700
1639,3,1.5,18568,37,2,1,14.8,0,5,254800
1752,1,1.0,1500,32,3,5,8.4,0,3,323500
2203,3,2.0,11733,11,2,3,4.1,0,4,356600
1916,4,3.0,8541,5,0,3,0.5,0,3,278500
932,6,4.0,11267,10,2,3,7.2,0,2,207500
2047,4,3.5,6371,35,2,2,0.5,0,4,318200
2197,1,1.5,8804,5,0,3,0.5,0,4,308600
2164,5,4.0,11846,15,3,4,7.7,0,3,320700
2503,4,3.0,21452,33,3,1,1.7,0,3,386300
2342,4,3.0,12232,9,0,2,1.7,0,2,341800
2098,3,2.0,5608,21,3,1,8.5,0,4,297400
1754,3,3.0,7305,6,2,3,0.5,1,5,319300
720,3,2.0,7186,2,2,4,3.0,0,2,211100
2079,2,1.5,1817,32,2,4,1.3,0,3,304900
1935,3,2.5,7680,2,2,5,6.9,0,5,366600
1977,3,2.0,11931,6,2,3,8.7,0,3,297300
970,3,1.5,3903,39,2,2,10.2,0,4,208900
1097,4,3.0,13194,9,0,5,2.4,0,3,246300
2485,3,2.0,10951,72,2,4,0.7,0,3,399400
1774,2,2.0,6063,78,1,3,0.7,0,3,273600
2243,6,4.0,8434,6,1,4,4.4,0,3,367100
1818,5,4.5,15393,1,1,5,23.3,0,1,329000
1819,4,2.5,11934,24,2,4,2.0,0,4,349200
2410,6,5.0,9035,12,1,3,2.4,0,4,414800
1465,3,1.5,8049,2,1,4,0.9,0,4,293400
1862,6,4.5,9306,25,1,1,7.4,0,3,265000
1500,2,1.5,6953,1,0,3,9.1,0,3,243600
1518,3,2.0,1500,41,2,3,8.2,1,1,270100
1599,3,2.5,17169,3,3,2,15.8,0,4,303800
1944,2,2.0,9621,3,1,1,5.3,0,3,282200
1489,2,1.0,10593,4,3,2,1.2,0,3,266200
2616,4,3.5,8768,65,2,4,2.7,0,2,400700
1219,4,2.0,6060,24,2,4,8.7,0,2,260100
1679,4,2.5,8256,32,2,5,7.6,0,3,308300
1514,2,2.5,2602,10,2,3,6.1,0,4,237900
2741,4,2.5,18108,8,1,3,9.2,0,5,417400
1928,4,2.5,4062,5,2,5,8.1,0,4,333900
2471,3,2.0,4872,13,2,2,17.1,0,5,316600
834,4,4.0,7239,16,2,4,7.1,1,5,247000
1974,3,1.5,14152,20,2,4,12.1,0,3,368700
2378,3,1.5,9058,6,0,1,2.3,1,3,318900
1853,5,4.5,4055,59,2,4,9.1,0,4,334800
2493,3,3.0,14017,4,2,4,18.6,0,3,357500
1464,3,2.0,11924,67,2,1,3.9,0,3,191100
2716,5,3.0,11154,0,1,1,12.1,1,3,351900
3294,4,4.0,11863,13,2,1,10.3,1,3,452800
1564,2,2.5,18577,8,2,3,0.5,0,3,300200
1510,2,2.0,17740,12,2,3,7.0,0,2,277200
2745,1,1.0,6253,17,2,3,1.1,0,3,380300
2827,4,3.0,15496,11,2,2,27.4,0,4,367600
1460,3,2.0,10533,11,1,5,13.3,0,3,310300
1527,2,1.5,10996,26,0,3,0.9,0,4,251900
1617,6,5.0,2231,23,0,1,1.0,1,2,278900
926,3,2.5,8318,36,2,3,7.2,0,2,203400
1203,3,1.5,5749,6,1,3,3.4,0,3,194900
1147,3,3.0,12312,19,2,3,0.5,0,3,233800
1301,4,3.0,13284,18,2,2,6.2,0,4,220400
1777,2,2.0,1500,9,0,2,3.9,0,4,277200
1952,3,3.0,8912,13,1,4,0.9,0,4,340100
2808,4,2.5,13487,8,1,5,13.0,0,5,405600
1151,3,2.0,8253,3,2,3,19.7,0,3,223500
2440,3,2.0,11916,5,1,3,11.3,1,3,351900
1661,3,1.5,10405,2,1,3,13.8,0,3,241300
1768,1,1.0,10367,23,3,4,2.0,0,2,323700
2239,2,3.0,7915,22,2,3,2.4,0,3,337400
1070,3,1.5,4134,60,1,5,1.9,0,3,233800
2049,3,2.0,4514,26,2,3,11.6,0,3,290700
1908,1,1.0,11837,1,2,3,23.6,0,2,240000
2120,4,3.0,9078,43,2,3,10.1,0,1,280900
1988,6,4.5,8446,40,2,5,17.1,1,4,398800
3396,4,2.5,7304,12,1,4,8.1,0,3,450300
1385,5,4.0,7779,18,2,1,3.9,0,4,246300
1455,3,2.0,13188,75,2,3,4.4,1,4,245100
1395,6,3.5,7659,15,1,3,0.6,0,2,241700
1439,2,2.0,3636,47,2,3,0.5,0,3,254900
1386,6,5.0,11975,2,2,4,9.5,0,2,305700
2573,6,4.5,8180,4,1,4,4.6,1,4,463000
2723,4,3.0,9126,12,1,4,6.4,0,4,436500
1429,6,5.0,15430,18,2,5,6.5,1,3,342100
1259,4,3.0,8918,34,0,2,2.6,0,3,230000
2106,3,2.5,10157,89,2,4,5.2,0,5,349800
1441,3,2.0,4284,10,1,4,5.1,0,3,301500
2211,4,3.5,8121,1,0,3,3.9,0,4,369200
1932,2,1.5,11438,32,2,4,13.7,0,3,309000
815,4,3.0,2779,19,2,2,4.8,0,3,183500
2806,6,4.0,9803,4,2,4,7.4,0,4,469600
2967,2,1.5,9403,14,2,3,18.1,0,4,401300
1402,4,2.5,9165,27,1,2,16.1,0,4,260200
1548,5,3.5,13149,29,2,4,17.7,0,3,254400
1986,5,3.5,10338,14,2,3,2.5,0,3,342800
2017,6,4.0,14912,7,1,2,0.5,0,4,334200
2228,3,3.5,5026,73,3,1,2.4,0,3,332200
3107,6,5.0,9544,22,1,3,2.6,0,3,473000
1685,4,4.0,9338,10,3,3,19.2,0,4,299000
1281,2,1.0,4723,7,2,4,8.4,0,3,269900
903,3,2.5,12825,26,2,5,0.7,0,3,288200
1325,4,2.5,18299,6,3,3,1.2,0,4,295700
1778,3,2.0,8932,4,2,4,1.4,1,5,391700
2966,4,2.5,11020,15,1,3,8.0,0,3,405400
1464,4,3.5,9338,7,2,4,10.6,0,3,285300
1945,2,1.5,6146,20,0,2,15.7,0,4,275600
1789,4,3.5,1717,3,2,3,22.6,0,4,278300
2572,4,3.5,6177,21,2,3,1.8,0,4,387600
3443,3,3.5,3432,7,2,1,3.0,0,3,442600
1455,1,1.0,15816,0,1,4,2.2,0,3,279400
1482,1,1.5,8540,3,2,4,3.6,0,3,243600
2479,3,3.0,7616,54,2,3,19.7,0,4,352300
2243,5,3.5,12557,40,0,3,6.8,0,4,337500
3000,3,3.0,4513,5,2,4,10.7,0,2,426300
2180,4,3.0,5933,30,1,4,5.4,0,3,355000
1566,3,2.0,9272,19,2,2,0.5,0,3,284100
2184,3,2.0,13115,71,1,3,0.5,0,5,363600
2521,4,2.5,11007,9,2,4,6.2,0,4,419900
2333,4,4.0,9993,23,1,3,10.1,0,3,336200
2130,2,1.5,9312,1,1,2,1.9,0,1,299300
2493,3,2.5,10601,10,3,3,10.2,0,3,401100
2560,1,1.0,9807,66,0,4,13.3,0,2,320000
2698,3,2.0,4880,15,2,4,4.2,0,4,431300
2222,4,3.5,9184,7,0,5,11.0,0,4,366600
1691,2,1.0,4705,3,2,4,4.1,0,3,272500
1895,3,2.0,9324,24,2,5,9.1,0,3,336800
2584,3,2.5,7077,21,1,2,11.6,0,4,356000
1269,5,4.0,19158,9,1,4,38.6,0,3,272600
2040,6,4.5,8840,60,2,1,3.4,0,3,285500
1544,1,1.0,3383,0,2,4,4.2,0,5,294000
1819,4,3.5,8463,7,2,3,1.4,0,4,311000
2631,3,2.5,11077,51,2,3,1.8,0,4,358300
1924,3,2.0,15693,8,2,4,9.5,0,2,306200
1830,4,3.0,6642,6,1,4,19.9,0,2,277400
916,5,4.5,2670,15,1,1,4.0,0,1,172800
2285,6,5.0,12267,35,1,3,1.6,1,3,403300
2220,4,2.5,3478,2,1,3,2.7,0,4,315000
3206,3,2.5,7255,57,1,3,4.9,0,3,420600
1600,4,2.0,7970,32,2,4,2.7,0,4,281200
1942,3,2.5,8721,4,2,3,2.1,0,3,327800
1962,4,4.0,11757,25,3,5,10.7,1,3,362800
2825,3,2.0,6265,10,1,2,0.5,0,5,368200
1738,4,2.5,7905,10,2,4,6.2,1,3,337300
1981,3,2.5,8943,31,2,4,12.6,0,3,307600
2195,2,1.0,9598,66,2,2,2.5,0,3,293100
1921,5,3.5,9391,3,1,3,7.4,0,2,270300
1510,2,2.0,10744,11,1,4,8.8,0,3,290400
1926,3,2.0,12375,13,0,4,8.5,0,3,329300
2498,3,2.0,10571,9,1,3,4.7,0,4,368100
1133,1,1.0,10814,9,2,3,3.4,0,4,203400
1886,1,1.0,2671,1,0,1,14.5,0,3,243500
1345,2,1.5,9201,23,1,2,11.4,1,1,191400
2577,5,3.5,10918,11,2,3,3.1,0,3,383800
810,3,2.5,11916,4,2,1,0.9,0,2,212800
1437,6,4.5,6231,34,2,4,0.6,0,3,288300
2045,4,3.0,6364,32,2,4,0.8,0,4,363500
2818,3,2.0,6704,13,2,5,7.0,0,2,421000
1757,4,3.0,11146,7,1,4,0.5,0,4,340000
1439,3,2.0,13136,20,2,5,3.3,1,5,338000
3023,4,3.0,7370,7,2,3,11.2,1,4,439900
859,3,2.0,12632,5,3,3,2.8,0,3,226800
500,3,1.5,9494,26,0,5,11.5,0,3,180900
2086,5,4.0,8503,1,2,3,10.9,0,5,383600
1474,5,4.0,8154,2,1,1,2.3,0,3,224500
1136,5,4.0,11986,0,2,4,10.4,0,4,300900
2260,3,2.0,10302,3,0,5,11.0,0,1,358100
1958,4,3.0,18103,1,1,4,4.1,1,1,360400
1433,3,2.5,5591,109,2,3,1.9,0,4,281000
968,3,2.5,11072,7,2,4,5.9,0,4,247700
2367,3,2.0,6883,3,2,5,20.3,0,4,340400
2223,4,3.0,5523,6,1,1,8.2,0,5,312000
1736,2,1.5,8957,55,1,4,1.5,1,2,274400
3000,3,2.5,9549,15,2,2,9.2,0,3,374900
1104,5,2.5,20673,9,2,3,4.5,0,5,258300
808,3,2.5,8263,41,3,3,7.2,0,2,180400
1350,2,2.5,4479,10,2,2,10.6,0,4,215900
1770,2,1.5,10092,8,2,2,5.8,0,3,225400
1958,5,3.5,1500,5,2,3,13.5,0,2,309600
1643,3,2.5,8632,9,2,2,10.2,0,3,298200
2029,3,2.5,9064,8,2,2,7.6,0,3,310000
986,4,3.5,12178,23,1,4,1.3,0,4,255200
2738,4,2.5,12894,7,2,3,14.5,0,4,396100
1747,3,2.5,6986,17,2,3,22.0,0,3,258900
2526,4,3.5,8398,1,2,5,1.2,0,3,421900
2023,4,3.0,5936,4,2,2,5.4,0,3,304000
2097,4,3.0,4488,10,1,3,2.4,1,2,310800
2170,2,2.0,10240,55,2,3,11.2,0,3,342000
2091,5,4.0,3906,9,2,4,10.2,0,1,301500
2218,3,1.5,7341,22,1,5,1.2,0,3,372900
2664,3,2.5,5019,6,1,5,16.8,0,3,388700
1928,3,2.0,11199,3,0,4,1.6,0,3,358800
2261,1,1.0,16206,1,2,2,12.8,1,1,312800
1742,2,1.5,3794,7,2,1,4.9,1,3,243100
2736,4,3.0,1588,3,2,3,3.2,0,3,381200
1360,1,1.5,8500,4,1,2,1.4,0,2,214900
2971,3,2.0,9063,29,2,4,1.5,1,5,432600
1774,3,1.5,9875,0,1,4,8.7,0,2,280100
870,2,1.5,7215,16,1,1,6.4,1,4,139400
1883,6,4.5,8197,10,2,4,1.0,0,1,317800
1357,3,3.0,10470,14,2,2,1.0,0,4,257500
2346,3,2.5,13162,17,1,3,0.6,0,1,342100
1376,3,2.0,1500,8,1,4,10.9,0,4,220400
1510,3,3.5,7524,7,1,3,10.0,0,3,260700
572,1,1.0,9855,26,2,3,0.5,0,4,184600
1506,4,3.5,5328,41,2,1,6.6,0,3,225800
500,6,4.5,15925,4,2,3,0.7,1,2,211200
770,3,2.5,6458,2,2,4,18.7,0,4,201600
2294,4,3.5,8835,46,2,5,19.0,0,2,347700
2311,4,3.5,11224,9,1,3,9.6,0,5,356600
2077,4,3.5,6635,16,3,3,20.8,0,2,308900
1171,3,2.5,1614,9,2,4,13.3,0,3,274600
1769,3,2.0,7285,3,1,5,14.1,0,4,306600
1798,3,2.0,13118,18,1,2,6.7,0,3,268100
1047,4,3.0,7652,15,1,3,2.9,0,3,225700
2777,4,3.5,5614,5,1,4,2.0,0,4,409600
2370,2,1.5,12703,12,2,3,3.2,0,4,378400
1656,3,3.0,7677,32,2,2,7.9,0,5,232800
1817,5,4.5,6959,18,2,3,1.5,1,3,320800
1935,4,2.5,9598,2,2,2,2.4,1,3,331100
500,6,4.0,12083,16,2,3,5.0,1,3,207000
1639,4,3.0,18527,24,2,3,2.1,1,3,303800
1357,3,2.5,12309,31,0,4,7.1,0,4,277500
1149,4,2.5,13639,20,1,3,20.5,0,3,237900
1617,4,3.5,6976,3,2,2,11.0,0,3,268500
2968,2,1.5,4897,25,0,2,8.8,0,3,338600
2217,3,2.5,9249,23,0,4,7.0,1,4,367800
1429,4,2.5,9429,0,2,2,5.4,1,5,276000
2172,2,1.0,4686,11,2,3,1.7,0,4,337900
2710,4,3.0,8299,8,1,2,18.0,0,3,378700
2401,4,2.0,10597,22,2,4,2.3,0,4,339000
1839,6,5.0,10442,5,2,3,0.8,0,3,341400
1379,1,1.0,11017,18,1,3,11.1,0,2,187900
2254,3,4.0,10164,49,0,3,1.5,0,2,372100
2056,4,4.0,6972,32,3,4,3.7,1,1,336800
2382,3,2.0,6944,51,1,3,0.5,0,3,351500
2213,4,3.0,4204,77,1,4,1.2,1,4,364000
2482,4,3.5,16139,0,2,4,1.5,0,3,397600
1452,2,2.5,9054,19,2,5,0.5,0,3,282300
2656,3,1.5,8101,11,1,3,8.6,0,5,407900
1928,3,1.5,5285,39,1,5,14.5,1,4,347700
3149,3,2.0,20743,6,1,1,3.7,0,4,449500
1352,5,4.0,4707,79,3,3,16.6,1,3,260700
2928,4,3.0,7285,19,1,4,1.9,0,2,418900
1929,4,3.5,10663,32,2,2,3.1,0,1,279200
1377,4,2.5,11401,2,3,2,1.3,0,2,247200
1485,3,1.0,12832,4,1,3,7.8,0,3,240400
1592,5,4.0,16230,28,3,3,4.4,0,3,311800
2076,4,2.5,11025,0,3,3,7.6,0,2,315200
2140,4,2.0,4776,34,2,4,11.5,0,2,327100
1427,5,4.0,7972,0,1,4,6.3,0,2,287400
1784,3,2.5,10231,21,2,4,7.9,1,3,326800
3192,4,3.0,17273,9,2,2,21.9,0,3,444600
2923,2,1.5,3409,19,3,5,2.8,1,3,436500
2084,3,2.0,13810,24,1,2,3.6,0,3,318100
1825,3,2.0,9720,8,2,2,10.1,0,3,311900
1878,6,4.0,12351,2,1,1,7.6,0,2,306700
2199,5,3.5,8592,1,1,3,1.6,0,3,372800
1135,4,3.5,5630,18,2,2,3.8,0,4,223500
1633,4,3.0,12003,15,2,2,5.0,0,5,297200
715,4,3.0,11618,27,2,3,4.3,0,3,179300
2059,5,3.5,12888,14,2,2,1.6,0,5,356200
2221,3,2.0,8947,11,3,3,20.7,0,3,325900
1486,3,1.0,6601,10,2,4,11.5,0,1,247200
2823,2,1.5,2765,1,2,4,5.3,0,5,430900
1003,4,3.5,12277,8,2,2,9.1,1,2,197500
848,4,2.5,10696,75,2,2,18.2,0,4,210200
1946,3,2.0,5137,41,2,5,1.2,0,3,351400
2481,1,1.0,6846,8,3,1,2.3,0,3,312700
2895,4,3.5,7133,18,2,4,6.3,0,3,420200
1502,1,1.0,3068,38,2,2,12.8,0,3,215300
2501,4,2.5,5729,12,0,5,0.5,0,3,420000
1775,6,3.5,4465,0,1,3,33.1,1,3,285300
1688,3,2.5,7350,2,2,3,4.9,0,3,290000
2374,3,3.5,6045,14,0,4,3.6,0,5,378700
2224,4,3.0,2492,70,1,3,2.8,0,4,362900
775,4,3.0,17090,24,2,3,1.5,0,3,215900
2760,3,2.5,14010,1,0,3,12.5,0,2,371900
2697,6,4.5,5884,4,1,4,24.9,0,4,429100
1393,2,1.0,10090,30,2,1,4.3,0,2,200800
2057,3,2.5,10670,37,2,1,24.4,0,3,279900
2121,4,3.0,13764,19,3,3,13.9,0,3,320000
1969,5,4.0,5726,21,2,2,5.2,0,4,309600
1442,2,1.0,13368,1,2,4,9.0,0,2,292600
1363,4,3.5,6808,35,3,2,4.6,0,2,223500
1783,4,3.5,3657,31,2,3,6.5,0,3,287000
2562,3,2.0,11897,6,1,2,0.5,0,3,360300
2153,2,2.0,14163,25,1,3,9.5,0,3,300100
1559,5,3.5,19352,5,2,2,0.5,0,3,290300
2302,2,1.0,4201,1,2,1,13.6,0,3,282500
500,3,2.0,11796,4,2,1,13.9,0,2,123600
2547,3,1.5,7361,4,2,5,2.2,0,2,415400
669,5,4.0,12133,8,2,2,3.1,0,4,235600
1564,4,2.0,3118,11,3,4,5.3,0,4,282700
1072,4,2.5,3949,14,2,1,7.3,0,3,186000
958,3,1.0,5897,13,1,2,2.7,0,2,184600
2555,4,3.0,9316,6,2,3,7.2,0,2,394600
1496,4,3.0,6436,1,1,3,2.8,0,3,285300
2025,4,3.0,11636,19,2,5,0.5,0,4,384200
1770,5,3.0,13108,10,3,5,0.5,0,3,373100
2110,1,1.0,11398,7,2,4,0.9,0,4,358700
1850,4,3.0,15475,40,2,3,12.6,0,4,297900
966,2,1.0,10663,27,2,3,26.0,0,5,199500
2448,3,2.5,4132,39,2,3,4.5,1,2,373600
1479,3,2.0,14454,14,2,5,5.8,0,2,295100
788,3,2.5,6579,3,2,3,1.3,0,2,197700
1522,3,3.0,12642,24,2,3,6.4,0,4,279800
2775,4,3.5,15295,5,2,2,1.3,0,4,367900
2353,3,2.0,10827,12,1,1,7.6,0,3,305600
1573,4,3.0,3015,1,2,5,21.7,1,2,300900
1573,3,2.0,5327,35,2,3,1.7,1,3,267000
1591,2,1.5,14291,3,2,3,11.6,0,3,250900
3150,4,3.0,8324,47,2,2,0.5,0,3,396000
2048,3,2.0,9318,40,2,4,3.8,0,3,345200
2080,3,2.5,12035,12,2,1,0.9,0,2,324400
2470,4,2.5,11785,27,2,4,3.5,0,4,419900
1955,3,1.5,10115,19,2,2,1.5,0,3,267700
1632,2,1.0,8165,32,1,4,3.7,0,3,290400
1672,3,1.5,7749,11,3,4,4.3,0,2,280400
1753,5,3.0,12432,31,1,2,2.9,0,4,283600
1776,4,3.0,11214,12,0,3,8.6,1,3,294700
2273,4,2.5,7971,57,2,3,20.1,0,5,349300
1834,4,3.5,13328,13,1,2,4.1,1,3,325100
2276,2,1.5,8484,12,2,4,1.7,0,5,369000
1748,3,1.5,5593,31,2,3,2.5,0,4,285600
1851,4,3.5,5964,34,2,3,15.4,0,3,297500
501,2,2.0,5085,16,3,2,6.8,0,5,171500
2396,3,2.0,7910,4,1,3,4.9,0,3,367500
2025,3,2.5,13935,13,2,4,1.3,1,3,338300
2449,3,2.0,5780,69,1,3,4.8,1,1,330600
500,6,4.5,9754,28,2,5,2.6,0,3,215800
3157,2,1.0,6373,33,2,5,22.9,0,4,425200
1709,3,1.5,7959,1,2,2,17.2,0,4,257000
2520,2,1.5,2960,13,2,2,0.7,0,2,321100
1124,6,4.5,8118,21,2,4,5.8,0,3,256800
2198,2,1.5,8225,35,2,3,2.0,0,2,285300
1115,3,1.5,11161,1,3,1,4.2,0,4,175800
1395,4,3.0,9893,38,0,2,16.8,0,2,207200
3044,4,3.0,4206,16,2,3,6.0,0,5,421900
1676,3,2.0,13337,4,2,4,3.3,0,3,300900
1941,3,2.5,9841,8,2,2,1.9,0,3,323000
2366,3,2.0,9794,7,0,2,12.9,1,4,318000
2122,3,3.0,8963,15,2,5,7.8,0,3,387700
1898,3,1.5,6929,1,1,4,5.0,1,1,336500
2037,3,2.5,9871,3,1,3,2.0,0,3,287500
3362,3,3.0,10902,34,2,4,3.3,1,2,471300
1763,3,2.5,2012,3,2,3,25.7,0,5,270200
1931,4,3.0,6845,5,3,4,5.9,0,3,285700
2483,6,4.0,7980,12,2,3,4.1,1,3,369700
2519,4,3.5,10025,15,2,2,5.9,0,3,371600
2572,2,1.0,13773,29,0,4,12.1,0,2,386900
2215,2,1.0,5913,12,2,3,3.3,1,4,356700
1057,6,4.5,7008,31,1,5,1.6,0,5,302000
2862,3,3.0,6950,19,3,3,7.0,1,4,418800
1055,2,1.5,5794,2,1,5,8.8,0,3,270000
1997,4,2.5,7611,3,1,5,10.0,1,3,396300
1310,4,3.0,12083,11,2,2,17.1,0,1,202800
1758,4,2.5,4785,10,1,4,3.7,0,4,277700
2014,3,2.0,10711,27,1,3,0.6,0,3,275400
2009,1,1.0,2192,17,2,5,25.4,1,3,332400
2074,6,4.0,6755,10,0,3,4.6,0,5,348900
2849,3,3.0,7682,4,0,4,7.8,0,2,398200
2095,4,3.5,15699,5,2,3,8.8,0,1,295400
1641,4,3.5,7901,17,2,2,6.3,0,2,246800
2427,4,3.0,1500,11,2,2,1.8,0,3,331400
2573,3,2.0,1500,14,2,3,11.3,1,1,343600
1002,3,1.5,9136,4,2,4,13.0,0,3,219600
2188,4,2.5,11455,22,2,3,6.4,0,3,319600
2256,5,4.0,10502,38,3,4,5.4,0,2,355000
1607,5,4.5,9670,6,0,2,1.0,0,4,309600
2694,2,1.0,13649,14,2,3,0.7,0,3,385800
1702,2,1.5,6842,74,2,1,3.3,0,4,250900
1882,5,3.5,12580,8,2,4,3.0,0,3,331900
1688,4,2.5,2472,18,1,5,24.6,0,3,231100
1810,5,4.0,5380,2,1,3,12.2,0,5,307700
1087,3,2.0,1772,19,2,1,8.6,0,1,137300
864,4,3.0,7901,2,0,2,5.8,0,3,193700
2836,4,3.0,8815,64,2,4,1.5,0,4,484800
1249,4,2.5,9456,25,2,3,30.7,0,3,228200
1156,3,2.0,9248,31,2,4,3.8,0,3,297200
500,1,1.0,5290,24,1,2,0.9,0,3,137200
1385,4,3.0,8239,18,2,4,5.4,1,4,289000
940,3,2.0,3010,12,2,4,16.6,0,4,220900
2867,3,2.5,14453,39,2,3,17.5,0,1,401200
2456,6,5.0,7785,63,0,3,0.5,0,2,395800
1353,3,2.5,7044,14,0,2,17.4,0,3,196200
3264,4,3.5,15356,54,2,3,2.5,0,3,457900
2438,2,1.0,4031,18,1,4,0.5,0,3,325600
1589,4,3.0,4498,15,2,3,15.1,0,3,278200
500,6,4.0,4615,12,3,4,16.0,0,2,217500
3289,2,1.0,8729,5,2,3,7.3,0,2,416100
897,1,1.0,10727,0,2,2,6.8,0,5,186800
730,3,3.0,11959,6,0,3,13.4,0,2,182300
2465,2,2.0,19288,14,1,3,12.3,0,3,363800
3386,4,3.0,1500,10,0,3,17.7,0,3,417600
2700,5,3.0,11435,12,1,2,6.4,0,5,394900
2167,3,2.0,6771,79,3,3,27.4,0,4,300700
2187,3,2.5,6654,9,0,1,40.0,0,4,268500
2355,3,2.5,6521,12,2,1,1.0,0,2,318400
2293,4,2.0,5365,3,2,3,15.2,0,4,321300
1983,1,1.0,15738,1,3,3,5.5,0,3,299400
1868,4,3.0,12369,30,1,5,3.9,0,3,339600
1759,4,3.5,9093,17,1,3,7.6,0,3,307000
1310,4,2.0,14404,29,0,4,0.5,1,4,293400
1618,3,2.0,2950,3,2,3,5.6,0,4,265800
700,4,3.0,3677,17,1,4,16.4,1,4,213400
1736,2,2.0,1500,6,2,2,1.9,0,5,269900
1157,2,2.0,6202,5,2,5,4.4,0,3,278500
1083,5,4.0,9647,0,2,3,22.4,0,3,237800
1917,4,2.5,9411,3,2,4,4.5,0,1,311700
2705,1,1.0,9597,7,0,3,3.5,0,4,371800
2397,3,2.0,3356,2,2,2,4.6,0,2,341500
779,3,3.0,12213,85,3,4,5.9,0,4,221500
1157,3,3.0,9959,7,2,1,8.0,0,3,210100
2412,3,2.5,11932,3,2,3,12.9,0,3,353000
1161,2,1.5,1500,4,2,2,4.8,1,1,199200
1654,3,2.5,10246,18,1,3,13.6,1,3,268000
2158,4,2.5,4249,1,1,5,6.1,0,4,371300
1171,4,3.0,7411,40,0,3,3.3,1,1,240600
1868,4,4.0,11137,65,1,4,8.6,1,3,315900
933,2,1.0,9364,6,1,3,10.1,0,1,150400
1409,6,5.0,5594,12,2,3,6.5,0,3,257200
2008,4,3.0,9025,0,2,5,0.5,0,2,340300
765,4,3.5,2874,20,2,4,1.5,0,3,228700
2086,4,2.5,13601,11,2,4,2.7,0,4,341800
1787,5,4.0,8179,6,3,2,2.7,0,3,299500
2159,3,2.0,13474,5,0,3,9.0,0,3,334100
1946,3,1.5,6894,21,0,2,0.5,0,3,282400
2687,4,3.0,6906,11,2,3,11.3,0,2,361900
1881,4,3.5,5943,4,1,3,2.5,0,3,313700
1521,4,2.5,12505,23,1,4,3.0,0,3,295100
1879,3,1.5,6162,17,1,4,6.0,1,3,311200
2153,2,1.5,11578,39,1,3,1.9,0,4,322000
1832,3,2.0,7470,2,2,1,17.3,0,3,287600
1826,5,4.0,1500,31,2,4,0.7,1,4,357900
1344,4,3.5,6719,22,2,2,4.7,1,5,314200
1369,3,2.0,4284,2,2,3,15.1,0,2,218300
888,3,3.0,9136,24,2,1,7.7,0,3,169600
2937,3,2.5,4238,12,1,3,2.8,1,3,381700
991,5,3.5,12704,58,1,5,4.4,0,2,241600
1350,4,2.0,8636,3,1,2,9.8,0,4,272400
1333,4,3.0,8290,21,2,3,29.0,0,4,227100
2382,3,2.0,11624,10,2,3,17.9,0,3,373800
1608,4,3.5,12856,63,2,5,3.4,0,3,303600
2611,3,2.5,8920,8,1,4,40.0,0,2,317900
1362,4,2.5,5915,66,2,2,0.5,1,3,239300
1981,3,2.5,1904,46,2,1,0.5,0,4,271800
1257,3,2.5,6256,6,2,3,13.9,0,3,248600
3194,4,4.0,6531,33,2,3,1.8,0,3,445400
1028,5,4.0,9428,109,2,4,0.5,1,4,271500
2001,2,2.0,7619,6,2,1,2.2,0,3,273300
2212,4,3.0,11752,11,2,2,4.4,0,3,325900
2069,3,2.5,6548,15,1,4,10.5,1,3,318700
1680,3,3.0,8772,7,2,2,7.8,0,3,252600
1716,1,1.0,13736,0,1,4,2.2,0,4,327600
1828,3,2.0,10367,5,0,1,5.6,1,4,242100
1704,3,2.0,8760,7,3,2,20.9,1,1,277900
2427,2,1.5,6592,12,3,5,13.5,0,5,384900
3237,3,3.0,6467,4,0,3,3.1,1,3,424300
1438,5,3.5,5598,41,2,4,32.3,0,4,272700
910,2,1.0,6836,24,1,2,9.9,0,4,198100
1743,4,3.0,12023,2,2,3,0.5,1,3,345800
3477,3,2.5,8112,21,2,4,0.5,1,4,505600
1278,4,3.5,3601,21,3,3,1.5,0,2,265900
2865,3,2.5,16073,63,2,4,10.4,0,2,374400
2891,2,1.5,10280,0,2,3,1.6,0,4,400800
1440,2,1.0,3372,6,2,3,5.7,0,4,233100
2170,2,2.0,7233,53,1,3,0.8,0,4,344500
2858,2,1.0,9444,54,3,3,20.3,0,3,357400
1554,4,4.0,15818,26,2,2,3.4,0,3,294800
1668,5,4.0,4568,29,2,3,19.1,0,3,282800
1422,4,2.5,12904,2,1,3,23.2,0,5,251600
1140,4,2.5,14598,14,1,3,0.5,0,3,237700
1378,2,1.5,6485,5,0,4,5.0,0,4,283800
1004,3,2.0,7890,4,2,3,0.5,0,3,210900
1822,3,3.0,4855,33,2,5,19.1,1,3,322800
1300,3,2.5,8186,3,1,2,5.8,0,3,212800
1952,3,2.0,8854,13,2,3,0.6,0,5,325500
789,3,3.0,11639,56,2,4,0.9,0,3,222900
2015,3,2.5,13361,4,1,3,3.9,0,5,328000
2342,3,2.5,6008,76,2,3,22.5,0,1,278200
504,4,2.5,1500,103,2,1,9.4,0,3,120600
2043,4,3.0,8915,16,3,3,16.2,0,4,312100
2598,3,2.5,10174,4,2,2,3.7,0,4,355900
1014,5,3.0,9998,8,1,5,0.5,0,5,274500
2887,6,5.0,7693,11,2,3,29.3,0,1,378300
2072,3,3.0,9499,7,1,4,0.5,1,1,357500
1342,3,2.0,15062,7,1,4,23.6,0,3,280500
1764,3,1.5,10527,72,2,3,3.7,0,1,252300
2163,5,4.0,7507,3,2,3,0.5,0,5,412300
1849,5,4.0,6999,26,2,4,9.3,0,3,307000
2150,2,1.5,8321,0,0,4,31.5,1,3,329900
1202,3,2.5,15547,18,2,2,27.0,0,2,183800
1910,4,3.5,8267,50,2,3,1.4,1,3,309900
881,3,3.0,8921,7,2,3,1.6,0,3,205000
1728,2,2.0,7071,4,2,1,6.7,1,1,237200
1212,5,3.0,13396,21,2,3,8.1,0,3,265200
1322,4,3.5,16839,25,3,4,10.8,0,3,301300
2603,4,4.0,10802,23,1,3,1.6,0,5,386600
2509,5,5.0,9331,8,2,4,25.6,0,3,365900
2196,4,2.5,9147,6,0,3,8.1,0,3,310300
1090,3,2.5,1500,62,0,3,15.0,0,5,200900
1594,4,2.0,11981,51,1,2,6.2,0,4,257200
2589,2,2.0,9537,12,1,4,4.3,1,5,391700
1892,4,2.5,10713,37,1,4,30.2,0,5,312600
3308,2,2.5,6154,12,1,4,7.0,0,3,481500
2056,4,2.5,7462,11,0,1,16.1,1,4,275000
1925,3,1.5,7356,3,3,2,24.5,1,2,262600
1599,2,1.5,13086,11,0,1,9.0,0,3,233400
1887,2,1.0,7485,15,2,3,6.4,0,4,285400
1701,1,1.0,17331,0,1,4,0.5,0,3,319200
2260,4,2.0,10723,12,3,2,0.5,0,4,334300
2422,4,3.0,3897,30,2,4,1.8,0,4,413600
1289,3,1.0,8486,23,2,3,1.6,0,3,245700
935,2,1.5,6393,20,2,4,2.4,0,4,216300
606,2,2.5,1500,48,0,5,2.9,0,3,175400
2130,1,1.0,15398,0,3,1,3.6,1,3,300600
1083,2,1.0,11813,16,2,5,4.4,0,4,289700
500,5,3.5,11133,31,2,2,0.8,0,3,151700
2053,3,2.5,9662,16,2,3,0.5,0,4,323400
3420,3,2.5,3472,8,1,4,9.0,0,3,440100
1796,2,1.0,7066,3,2,5,6.2,0,3,317400
2345,3,2.5,12367,44,1,3,4.7,0,4,347100
1853,3,1.0,4795,13,2,3,8.1,1,3,266700
1736,4,2.5,1500,42,0,4,14.1,0,3,264300
2397,3,2.0,8092,18,3,4,4.5,0,2,360700
1611,2,2.0,8433,22,1,2,8.2,0,4,238100
1974,3,2.5,9542,33,1,4,24.6,0,1,292700
2009,3,1.5,11914,22,2,3,14.6,0,4,327300
1366,3,2.0,11550,10,2,3,4.4,0,3,257300
2445,6,4.5,10035,14,2,3,8.3,0,3,385200
1686,4,3.0,13782,32,1,3,1.6,0,5,275100
1309,4,2.5,2924,9,0,5,6.6,0,2,251500
2149,3,2.0,11018,10,2,3,31.8,0,3,317400
1216,3,2.5,11506,2,3,5,5.8,0,4,291700
1818,3,2.0,4042,49,2,2,21.0,0,4,238100
1794,4,3.0,2989,2,2,4,4.2,0,3,356900
2506,4,4.0,6016,21,3,4,40.0,0,3,383900
2109,2,1.0,6354,11,2,4,6.9,1,4,353500
1784,3,1.5,12014,10,2,3,0.5,0,4,330500
2332,3,2.5,6542,23,2,3,7.1,0,4,306500
2704,5,3.5,5575,1,2,4,2.6,0,3,402700
2163,4,3.0,6553,18,2,4,0.5,0,5,365700
1807,3,2.0,13475,30,2,2,13.8,0,3,265400
947,2,1.5,9052,35,1,4,2.6,0,1,188700
1108,4,4.0,8283,4,1,3,12.7,0,3,185700
1602,2,2.0,8560,46,0,2,2.7,0,2,234600
1404,3,2.5,14168,21,2,4,1.7,0,2,288800
1678,2,1.0,6003,43,1,3,29.2,0,3,254300
1837,4,2.5,14262,13,1,4,3.6,0,2,305200
2144,3,1.0,9842,16,2,2,7.4,0,4,293500
1754,3,2.0,8358,50,2,1,7.5,1,2,196900
2116,5,4.0,19004,46,2,3,6.6,1,3,360900
1842,3,2.5,4777,12,2,2,19.7,0,2,265000
516,3,2.0,7585,6,2,4,9.0,0,2,164900
1189,3,2.0,4070,10,3,2,4.1,0,3,255000
1706,1,1.0,12810,10,2,3,15.9,1,3,272000
1014,4,3.0,15757,7,2,1,1.6,0,5,232500
2190,2,2.0,15680,6,1,2,6.3,1,4,312200
2795,3,1.5,13896,39,3,4,24.1,0,4,403100
2592,4,3.0,8210,1,1,2,7.9,0,2,311000
1661,4,3.5,7539,23,1,3,13.6,1,3,297300
2769,4,3.0,2315,4,2,5,8.5,0,2,423400
1897,3,2.5,17143,8,0,4,14.6,0,4,351200
1581,1,2.0,10876,1,3,4,23.1,0,2,246200
1401,4,3.0,7032,6,2,2,2.5,0,3,253100
1603,3,2.5,14312,29,2,2,1.5,0,3,279900
1548,4,2.5,5109,43,2,4,5.3,0,3,289500
1911,4,3.0,10626,5,2,4,9.7,0,5,335300
1904,4,3.0,8309,12,0,3,2.1,0,4,271700
1802,3,2.5,11555,13,2,4,0.5,0,4,340200
2084,3,1.5,8746,41,2,3,3.4,1,3,322400
2574,4,3.0,3196,29,2,1,27.8,0,4,298700
2417,3,3.0,9302,14,2,4,9.5,0,3,384900
835,2,1.5,13195,22,1,4,4.1,0,5,230300
500,5,4.0,8883,38,1,3,1.7,0,3,160100
2407,5,3.5,12100,0,1,4,3.5,1,3,371500
912,3,2.5,4818,10,2,3,1.5,0,4,198700
1654,2,1.5,8895,48,2,2,0.9,0,3,295300
1039,3,2.0,6502,27,2,4,19.0,0,4,236500
629,4,3.0,11988,16,2,4,40.0,0,5,194800
2152,5,3.5,9126,15,2,3,1.4,1,3,357800
2293,3,2.0,11760,9,2,2,0.5,1,3,341900
1425,2,1.5,13351,15,1,2,3.2,0,3,257500
500,5,4.0,11766,21,1,4,5.0,1,4,218600
1445,3,1.5,10092,11,3,3,1.8,0,3,279300
2055,3,3.0,5007,25,2,4,2.9,0,1,309800
839,6,5.0,8989,39,3,5,1.8,0,3,308300
1919,2,1.0,6868,3,1,4,11.9,0,1,294000
1790,4,2.0,7624,12,2,3,10.0,0,4,320600
2177,2,1.5,7502,10,1,4,8.1,1,3,330600
1878,3,2.0,5080,23,1,3,3.9,0,3,306100
1168,4,3.0,1500,6,2,2,19.2,0,4,201500
2578,3,2.0,6327,20,1,1,27.9,0,1,275700
1697,6,3.5,9774,42,1,3,1.5,0,2,320700
1782,4,3.0,3607,11,1,5,2.0,0,3,308800
1193,3,2.0,9063,48,0,2,6.0,0,3,202800
1512,3,2.5,16601,100,2,2,0.8,0,3,270100
1225,3,2.0,13092,2,2,5,4.6,0,5,314400
1688,3,3.0,15574,5,0,1,7.0,0,4,255300
2913,2,1.0,10565,60,1,4,5.9,1,4,453900
908,3,3.0,13670,64,1,3,3.2,0,5,206800
751,3,2.0,6104,2,2,1,6.3,0,3,181700
2756,4,3.5,6423,0,0,5,25.5,0,3,420700
1664,4,3.0,1500,4,2,2,1.8,0,3,301100
1365,4,3.5,13745,110,0,3,8.5,1,4,244100
2476,1,1.0,15161,4,1,2,0.5,0,4,332600
1406,3,1.5,6787,14,2,1,0.5,0,3,245200
2987,4,3.5,7984,38,2,1,6.4,1,3,353000
2241,3,2.0,5985,0,0,2,0.9,0,3,282200
1483,1,1.0,10531,19,2,1,0.5,0,3,210200
3202,4,3.5,13500,6,2,4,1.5,0,4,485700
1406,4,2.5,2029,40,2,3,6.7,0,3,272000
2282,3,2.5,10638,7,2,3,9.7,0,5,356600
1995,2,1.0,7893,23,2,3,1.8,0,3,289800
2646,4,3.0,9454,22,3,5,8.8,1,4,446400
2815,4,3.0,10836,5,1,5,1.6,0,5,467800
1821,4,2.0,8247,1,2,4,7.6,0,5,344200
1310,4,2.5,8586,11,2,4,4.2,0,2,261300
2099,4,3.5,8144,7,0,3,8.5,0,3,285800
1359,3,2.5,12881,33,0,3,40.0,0,3,187500
3109,2,1.5,10675,32,1,3,22.2,0,3,408300
1889,4,3.0,9882,12,2,3,0.5,0,3,323300
1563,4,3.0,3916,19,2,3,17.3,0,5,268100
1920,4,3.5,7486,19,2,3,0.6,0,2,330600
924,2,1.5,12595,35,0,5,24.5,0,3,185600
1168,2,1.5,9151,11,2,4,2.6,0,2,234900
2580,5,4.5,11638,6,3,3,3.9,0,4,417400
1373,4,2.5,16066,6,2,4,0.8,0,5,309000
1120,5,4.5,13154,15,2,2,1.0,0,3,248600
2149,4,2.0,9373,12,2,2,10.4,0,2,295500
2571,4,4.0,6956,12,2,3,23.1,1,4,354200
2267,4,3.0,1500,2,2,3,7.5,0,4,348400
2447,5,3.5,8326,25,2,1,10.1,0,3,302800
1308,4,2.0,7696,5,2,4,11.5,0,4,274200
876,4,3.0,10561,4,2,3,2.4,0,5,268300
2776,2,1.0,8384,11,1,3,0.5,0,3,370300
1590,3,2.0,7718,5,1,1,0.5,0,3,217200
1637,4,3.0,1882,18,0,2,3.5,0,3,245000
2663,3,2.5,5240,9,2,4,2.2,0,3,379700
2162,3,2.5,10907,12,2,3,0.5,0,3,350900
2096,3,2.5,15864,15,1,5,1.6,0,3,368500
3207,3,1.5,8610,5,1,5,1.1,0,2,483600
1382,3,2.0,10311,3,3,3,19.7,0,3,268800
2403,3,3.0,12810,42,2,2,1.2,1,2,344500
1837,5,3.5,5756,11,2,4,6.2,0,3,339500
1975,3,3.0,10467,11,2,5,7.2,0,3,345900
2794,2,1.5,6038,1,2,3,6.3,0,3,378900
2130,2,1.5,12459,14,2,4,0.8,0,3,340000
2150,4,3.5,9606,16,3,4,3.1,0,3,380200
2497,3,3.0,10194,16,1,3,0.5,0,4,401900
1563,4,3.0,5870,25,2,3,4.0,0,3,288300
1255,4,3.0,11828,4,1,4,1.7,0,5,311800
1121,4,3.0,17339,6,2,4,6.6,0,3,289900
522,3,2.5,4968,33,2,1,9.4,0,3,131800
3137,4,3.5,7641,59,2,3,6.1,0,2,393200
1083,3,2.5,9926,3,1,2,4.6,1,4,262600
1656,5,4.0,12146,14,2,2,3.9,0,4,331200
1620,4,4.0,6762,5,1,5,14.7,0,5,324600
2000,3,2.5,1500,1,1,1,2.0,0,5,280200
2330,3,2.5,14437,8,0,2,10.6,0,3,333900
2359,2,1.0,12042,3,2,3,11.3,0,3,347800
1421,4,1.5,2028,25,2,3,4.3,0,3,240600
1691,3,2.5,6570,15,2,3,2.8,0,3,261500
1984,4,3.0,15273,3,2,2,5.1,1,2,327000
1638,3,2.0,14791,0,2,2,0.8,0,4,299800
2845,4,3.0,12755,33,2,2,0.5,0,5,423800
2119,4,3.0,8296,4,2,3,0.9,0,3,347700
2278,4,3.5,9332,19,2,2,1.7,0,3,332600
2231,4,3.0,8476,8,2,5,5.6,0,2,390100
2563,2,1.0,13513,18,2,3,15.1,0,4,360300
1918,2,2.0,5497,8,2,1,2.1,0,3,254900
957,4,3.0,5777,2,2,4,21.9,0,5,234900
2060,3,2.5,13041,5,1,3,24.8,1,4,291900
1377,3,2.0,8823,4,1,4,25.5,0,3,241000
1456,1,1.0,14514,11,2,2,14.5,0,3,239600
2181,3,2.5,6314,21,1,3,3.6,0,1,310100
2605,1,1.0,8781,6,0,4,0.6,0,5,414900
1814,5,4.0,5310,0,2,5,6.7,0,3,343600
2001,3,2.0,9029,15,1,2,6.5,0,5,313600
2906,4,2.0,3086,19,3,3,15.2,0,3,398500
1956,1,1.0,7049,66,2,3,40.0,0,4,291200
3491,4,3.5,3255,18,2,5,5.7,0,2,484800
2168,3,2.0,11776,13,1,5,3.4,0,3,347300
656,5,3.5,11866,17,1,1,1.6,0,4,193700
2290,5,4.0,2079,53,2,2,0.5,1,4,383400
2048,3,2.0,14336,35,1,3,5.7,0,4,318500
2638,5,3.0,18990,8,1,2,6.5,0,3,397900
2238,6,4.5,9184,5,1,3,13.9,0,5,390900
1710,4,3.0,6436,6,1,2,5.6,1,5,317600
1004,4,2.5,20297,14,1,3,19.9,0,2,215600
1664,3,2.0,3724,27,2,5,7.9,0,5,305600
1247,4,3.0,9080,14,1,5,14.7,0,3,269000
1423,2,1.5,9718,1,0,3,1.3,0,4,266900
2183,2,1.5,14381,26,2,3,15.5,0,3,332600
2885,6,5.0,10439,33,3,4,9.0,0,5,468800
2057,3,2.0,7005,7,1,2,1.5,0,2,281500
1023,4,3.0,5195,22,1,4,1.7,0,3,247500
2089,4,2.5,7633,11,2,3,20.9,0,3,323300
2578,5,3.5,4972,44,3,2,0.5,0,3,371700
1404,6,4.0,9191,37,2,3,5.0,0,3,261400
1713,3,2.0,6743,15,2,1,3.0,1,2,246900
1810,1,1.0,3024,24,1,4,8.8,1,4,311900
1290,3,3.5,14021,43,2,2,14.6,0,5,220500
2221,2,1.0,7009,14,0,3,3.6,0,4,281400
1721,1,1.0,3927,8,2,2,4.5,0,4,282600
2073,3,2.0,8327,28,2,4,32.1,0,3,309200
1223,4,3.0,9273,5,3,3,12.3,0,3,260500
1516,4,3.0,2014,10,1,3,18.2,0,3,224900
2270,3,3.0,10327,40,0,3,4.6,1,1,337500
1558,4,2.0,4811,26,2,3,2.1,1,5,302600
2923,3,1.0,15844,10,2,2,4.2,0,2,353100
1540,1,1.0,11096,5,2,4,10.1,0,5,316200
1946,4,3.5,7400,9,1,2,0.9,1,2,306800
2406,4,2.0,6019,7,1,2,2.5,1,4,345900
878,4,1.5,8580,4,2,4,0.5,1,2,229700
655,1,1.0,11451,27,1,2,4.5,0,1,93500
808,4,3.0,8898,6,2,3,14.1,0,4,221100
2621,4,2.5,8131,12,2,3,0.5,0,3,388100
1441,4,2.5,9233,10,2,3,9.0,0,4,269300
3463,4,2.5,6585,80,2,4,21.6,0,3,467700
1433,5,4.0,7627,10,2,3,2.2,0,2,247900
1920,4,2.5,1500,2,1,3,9.5,1,5,311600
2802,4,3.0,12895,2,2,4,29.5,1,3,395800
3104,6,3.0,10195,18,1,2,26.2,0,4,392800
3140,4,2.5,5906,18,2,3,2.1,1,3,438100
2585,3,1.5,16595,11,1,3,0.8,0,3,386900
2466,4,3.0,9348,11,2,3,1.3,0,3,367000
2185,3,2.0,4855,1,1,5,9.7,0,3,336500
